N,종목명,현재가,전일비,등락률,액면가,거래량,상장주식수,시가총액,외국인비율,PER,ROE,기업 개요,캐치 url,기업 개요 요약
1,삼성전자,"59,900", 100,0.17%,100,"10,570,859","5,969,783","3,575,900",50.69,7.43,17.07,"1969년에 설립된 삼성전자는 한국 및 CE, IM부문 해외 9개 지역총괄과 DS부문 해외 5개 지역총괄, Harman 등 237개의 종속기업으로 구성된 글로벌 전자기업이다. 주요 사업 부문에는 TV, 냉장고 등을 생산하는 CE부문과 스마트폰, 네트워크시스템, 컴퓨터 등을 생산하는 IM부문이 있으며 부품사업(DS부문)에서는 D램, 낸드 플래쉬, 모바일AP 등의 제품을 생산하는 반도체 사업과 TFT-LCD 및 OLED 디스플레이 패널을 생산하는 DP사업으로 구성되어 있다.

삼성전자는 업계 최초로 EUV 공정을 적용한 D램 모듈을 고객사들에 공급하고 있다. 또한 반도체 회로를 보다 세밀하게 구현할 수 있는 EUV 노광 기술을 적용해 D램의 성능과 수율을 향상시키는 등, 14나노 이하 D램 미세 공정 경쟁에서 확고한 우위를 확보해 나가고 있다.

이외에도 CE부문에서 ‘비스포크’가 큰 인기를 얻었고 최근에 '비스포크 제트 봇 AI' 출시 이후 국내 로봇청소기 시장에서 가파른 성장세를 이어가고 있다. 라이다 센서, 3D 센서, AI 사물인식 솔루션 등 최첨단 AI 기술을 대거 탑재하여 삼성전자 로봇청소기 중 최상위를 차지하고 있다.

2021년 현대제철과 반도체 제조공정에서 발생하는 폐수슬러지(침전물)를 제철 과정 부 원료로 재사용할 수 있는 신기술을 공동 개발하기도 했다. 이 기술개발로 폐수슬러지를 다양한 분야에서 재활용 할 수 있게 되었다. 최근에는 2021년도 반도체 웨이퍼 생산량 및 시장 점유율에서 세계 1위를 차지하는 성과를 거두었다.",https://www.catch.co.kr/Comp/CompSummary/380725,"삼성전자는 글로벌 전자기업으로, 다양한 전자제품과 반도체, 디스플레이 패널 등을 생산해요. 업계 최초로 EUV 공정을 적용한 D램 모듈을 공급하며, 로봇청소기 시장에서도 성공을 거두고 있어요. 또한, 환경 친화적인 기술 개발에도 힘써, 다양한 분야에서 인정받고 있답니다."
2,LG에너지솔루션,"576,000"," 11,000",1.95%,500,"498,499","234,000","1,347,840",5.38,174.28,5.75,"2020년에 설립된 LG에너지솔루션은 LG계열사이며 2차전지(소형/ESS/자동차전지) 제조 등 축전지 제조을 영위하는 기업이다. 리튬이온 2차전지 연구를 시작으로, 장기적인 비전과 한 발 앞선 투자를 통해 세계 최초 전기차 배터리 생산, 특허 수 세계 1위, 전기차 시장 점유율 세계 1위 등의 위업을 달성했다. 또한 업계 최초 알루미늄을 첨가한 4원계 배터리인 ‘NCMA’, ‘실리콘 옥사이드 음극재’, ‘안전성 강화 분리막’등 차별화된 소재 혁신 및 ‘라미&스택’, '롱셀’을 포함한 공정 혁신 등 배터리의 성능과 안전성을 극대화 할 수 있는 핵심 기술을 다수 확보 중이다.

당사는 배터리 업계에서 처음으로 ‘RE100’과 ‘EV100’에 동시 가입했다. 이에 따라 2030년까지 전체 사업장의 사용 에너지를 100% 신재생에너지로 바꾸고, 회사 차량도 대부분 전기차로 전환할 계획이다. 이외에도 국내를 R&D 및 생산 기술 허브로 만들기 위해 오창, 대전, 수도권을 중심으로 `배터리 R&D 및 생산기술 삼각 허브`를 구축한다. 2022년 5월에는 포항산업과학연구원과 맺어 공동 연구를 통해 스마트팩토리 첨단기술 개발에 진입했다. 업무 협약을 통해 당사는 현실 세계를 그대로 반영한 온라인 공간에서 시뮬레이션을 통해 문제를 예측하는 디지털 트윈 기술을 연구할 계획이다.",https://www.catch.co.kr/Comp/CompSummary/LZ0049,"LG에너지솔루션은 2차전지 제조 분야의 선두주자로, 전기차 배터리 생산 및 관련 특허와 시장 점유율에서 세계 1위를 차지해요. 핵심 기술과 혁신적인 소재를 확보하여 배터리 성능과 안전성을 높이고 있어요. 또한, 친환경 정책을 적극 도입하여 신재생 에너지 사용과 스마트팩토리 첨단기술 개발에 주력하고 있답니다."
3,SK하이닉스,"79,000", 100,-0.13%,"5,000","4,732,489","728,002","575,122",50.6,25.79,3.56,"1949년에 설립된 sk하이닉스는 sk계열사이며 메모리 반도체를 전문적으로 생산하는 기업이다. 주력 생산제품은 DRAM, 낸드플래쉬, MCP와 같은 메모리 반도체이며, 2007년부터 시스템LSI 분야인 CIS 사업에 재진출하여 종합반도체 회사로 영역을 넓혀가고 있다.

2004년에는 세계 최고속, 최대 용량의 그래픽 메모리 512Mb GDDR4 D램을 개발하고 2007년 최고속·최소형 1Gb 모바일 D램, 세계 최초 24단 낸드 플래시 MCP, 세계 최초 54나노 1Gb GDDR5를 잇달아 개발했다. 2009년에는 중국에 후공정 합작공장 하이테크(HITECH)를 설립하기도 했다.

현재 이천, 청주의 국내 사업장을 포함하여 중국 우시, 충칭에 4개의 생산법인과 미국, 영국, 독일, 싱가포르 등 10개국에 판매법인을 운영하고 있다. 이탈리아, 미국, 대만, 벨라루스 등지에는 4개의 연구개발법인을 보유하고 있다.

최근에는 소비자용 솔리드 스테이트 드라이브(SSD)의 라인업을 추가하며 시장 확대에 나서고 있다. 1TB와 500GB 용량 제품을 국내에 처음 출시한 데 이어 이번에 고용량인 2TB를 추가했다. 해당 제품으로 게이머와 크리에이터 등 고용량 컴퓨팅 환경을 요구하는 고객에게 최적의 솔루션을 제공하는데 기여하고 있다.",https://www.catch.co.kr/Comp/CompSummary/383511,"SK하이닉스는 메모리 반도체 전문 기업으로, DRAM, 낸드플래쉬 등 다양한 제품을 생산해요. 세계 최초의 기술 개발을 선보이며, 국내와 해외에 다수의 생산 및 연구개발법인을 보유하고 있어요. 최근에는 소비자용 SSD 라인업을 확대하여 고용량 컴퓨팅 환경을 요구하는 고객에게 최적의 솔루션을 제공하고 있답니다."
4,삼성바이오로직스,"790,000"," 12,000",1.54%,"2,500","59,454","71,174","562,275",10.52,69.23,11.42,"2011년 설립된 삼성바이오로직스는 삼성그룹계열의 제약, 바이오 산업 기업으로, 기술이전, 임상 및 상업 제품 제조/생산, 무균 충전, 분석 테스팅 서비스를 제공하는 의약품 위탁개발생산에 영위하고 있다. 자회사로는 바이오시밀러를 연구 및 개발하는 삼성바이오에피스가 있다.

삼성바이오로직스는 단일 공장 세계 최대의 생산시설과 가장 빠른 프로세스를 인정받고, 글로벌 바이오제약회사의 진화하는 수요에 발 맞춰 바이오제약품의 위탁 생산, 개발 그리고 실험에 이르는 서비스를 제공하고 있다. CDO(위탁개발), CMO(위탁생산), Analytical Services(분석 서비스), 품질 서비스 4개의 분야로 사업을 이루고 있다.

최근에는 해외 사업 확대에 대한 의지를 보이며 미국과 유럽에서 공장을 짓거나 인수합병을 검토중이라고 밝혔다. 이는 세계 바이오의약품 시장에서 가장 큰 시장인 미국과 유럽에 직접 공장을 세워 위탁생산, 위탁개발생산 사업을 확장한다는 것으로 풀이된다. 이를 통해 글로벌 제약사들의 수요를 잡겠다는 것이다. 또한 국내 공장 건설도 늘리며 사업확장에 속도를 내고 있다. 오는 2023년에는 단일공장 기준 세계 최대 생산능력을 갖춘 4공장을 가동하는 것을 목표로, 전 세계 바이오의약품 CMO(위탁생산) 시장의 30% 점유율을 차지할 것으로 예상된다.",https://www.catch.co.kr/Comp/CompSummary/H33268,"삼성바이오로직스는 삼성그룹 계열의 바이오 제약 기업으로, 의약품 위탁개발생산 서비스를 제공해요. 세계 최대 규모의 생산시설을 갖추고, CDO, CMO, 분석 서비스, 품질 서비스 등의 분야에서 활동하고 있어요. 미국과 유럽에서 사업 확장을 추진하며, 2023년까지 글로벌 바이오의약품 CMO 시장 점유율 30%를 목표로 하고 있답니다."
5,LG화학,"730,000"," 9,000",1.25%,"5,000","223,797","70,592","515,324",48.6,30.97,6.95,"2001년에 설립된 LG화학은 합성수지 및 기타 플라스틱 물질 제조업을 영위하는 기업이다. 대표 제품인 ABS는 내열성과 내충격성 등이 우수한 고기능성 플라스틱이며 가공성이 뛰어나고 다양한 색상 구현이 가능해 완구류 뿐만 아니라 자동차, 가전, 정보통신(IT) 기기 등 다양한 제품의 소재로 활용되고 있다.

2021년 9월 ESG경영의 일환으로 (주)티케이케미칼과 ‘친환경 생분해 소재(PBAT) 개발 및 사업협력을 위한 MOU를 체결했다. PBAT는 석유 기반의 합성 플라스틱으로 땅에 묻으면 6개월 안에 자연 분해되는 친환경 소재이다. 2022년 하반기까지 국내에 PBAT 생산 라인 구축 및 제품 생산을 목표로 하고 있다. 이번 협력을 통해 친환경 제품의 포트폴리오 확대는 물론, 전략적인 투자로 시장에 PBAT 제품을 조기 출시하는 것이 가능하게 되었다. 그리고 추후 LG화학이 개발 중인 해양생분해성소재(PBSAT) 등 친환경 생분해성 소재 생산을 위한 양산 체계 구축은 물론, 친환경 소재 사업 전반에 걸쳐 다양한 협력 방안을 논의해 나갈 예정이다.

2022년 4월에는 전기차 배터리 화재의 주요 원인인 열폭주를 개선하기 위해 배터리의 '열폭주'를 지연하는 배터리 팩 플라스틱 소재를 개발하는 데 성공했다. LG화학이 개발한 특수 소재는 내열성이 뛰어나고 온도 변화에도 형태를 유지하는 등 우수한 성능을 갖고 있으며 화염 차단 시간은 세계 최장이다. 당사는 2023년부터 본격적으로 제품 생산을 시작할 예정이다.",https://www.catch.co.kr/Comp/CompSummary/162209,"SK하이닉스는 메모리 반도체 전문 기업으로, DRAM, 낸드플래쉬 등 다양한 제품을 생산해요. 세계 최초의 기술 개발을 선보이며, 국내와 해외에 다수의 생산 및 연구개발법인을 보유하고 있어요. 최근에는 소비자용 SSD 라인업을 확대하여 고용량 컴퓨팅 환경을 요구하는 고객에게 최적의 솔루션을 제공하고 있답니다."
6,삼성SDI,"739,000"," 5,000",0.68%,"5,000","214,039","68,765","508,170",48.99,26.64,12.52,"삼성 SDI는 1970년 삼성-NEC 주식회사로 설립되었으며, 1999년 디지털 기업 이미지 제고를 위하여 현재의 상호인 삼성 SDI주식회사로 변경하였다. 당사는 소형전지, 자동차전지, ESS 등의 리튬이온 2차 전지를 생산/판매하는 에너지솔루션 사업부문과 반도체 및 디스플레이 소재 등을 생산/판매하는 전자재료 사업부문을 영위하고 있다.

당사는 리튬이온 2차전지 사업을 시작한 이래 지속적으로 품질 개선, 안전성 확보 등을 위해 노력해 온 결과 현재까지 업계 선두권을 유지하고 있다. 전자재료 사업에서는 국내 외 고객사 및 협력사를 포함한 벨류체인 전반에 걸친 전략적 협력 체계를 구축하고 있어 기존 제품의 업그레이드와 신규 소재 개발을 추진해 경쟁력으로 삼고있다.

삼성SDI가 배터리 브랜드 PRiMX(프라이맥스)를 공개했다. 삼성SDI만의 아이덴티티를 녹여낸 브랜드를 통해 초격차 기술 전략에 힘을 싣는다는 전략이다. PRiMX 브랜드에 담긴 핵심 키워드는 '최고 안전성을 보유한 품질(Absolute Quality)', '초격차 고에너지 기술(Outstanding Performance)', '초고속 충전 및 초장수명 기술(Proven Advantage)'의 세 가지다. 현재 PRiMX는 국내를 비롯한 유럽까지 상표 등록이 완료됐고, 미국 상표 등록을 앞두고 있다. 삼성SDI는 PRiMX 브랜드를 생산 중인 모든 배터리에 적용하고, 핵심 키워드에 걸맞는 품질과 기술을 갖춰 나갈 방침이다.",https://www.catch.co.kr/Comp/CompSummary/380458,"삼성SDI는 리튬이온 2차 전지와 전자재료를 생산하는 기업으로, 에너지 솔루션과 전자재료 사업부문을 영위해요. 업계 선두권을 유지하며 품질과 안전성에 노력을 기울이고, 최근에는 배터리 브랜드 PRiMX를 공개해 초격차 기술 전략을 강화하고 있어요. 이를 통해 최고의 품질, 성능, 및 안전성을 지향하는 기업으로 성장하고 있답니다."
7,삼성전자우,"52,000", 300,-0.57%,100,"1,109,050","822,887","427,901",71.88,6.45,N/A,,,
8,현대차,"174,000", 300,-0.17%,"5,000","391,687","211,532","368,065",30.3,6.54,9.36,"1967년에 설립된 현대자동차는 승용차 및 기타 여객용 자동차 제조업을 영위하는 기업이다. 소형 SUV인 코나, 대형 SUV인 팰리세이드, 제네시스 G80 및 GV80 등을 출시하여 SUV 및 고급차 라인업을 강화 하였으며, 수소전기차 넥소를 출시했다. 또한 국내 화성, 용인, 의왕 등에 기술 연구소를 운영하고 있으며 해외 미국, 유럽, 일본, 인도 등에 기술 연구소를 설립하여 기술 확보에 주력하고 있다.

이외에도 현대차는 국내에서 수소전기트럭 보급 확대를 본격화하고 있다. 지난 2020년 7월 세계 최초로 수소트럭 양산 체제를 구축하고 이를 수출하고 있으며 국내 판매용 또한 양산하여 출시했다. 2021년 12월부터 현대자동차의 수소전기트럭 '엑시언트'는 현대글로비스, CJ대한통운 등에서 시범 운영되고 있다.

2022년 현대차는 전기차 충전 서비스 플랫폼 'E-CSP'을 출시해 초고속 충전소 'E-pit'에 적용할 예정이다. 당사는 이번 플랫폼 개발로 기존 충전 사업자들의 서비스 개발 및 운영 부담이 감소하고, 신규 사업자의 충전 시장 진입이 용이해질 것으로 기대하고 있다. 또한 간편한 회원 가입 및 차량 등록 절차, 안정적인 충전 서비스를 통해 고객 편의성을 높일 계획이다.",https://www.catch.co.kr/Comp/CompSummary/380954,"현대자동차는 승용차와 여객용 자동차를 제조하는 기업으로, 다양한 차량 라인업을 강화하고 기술 연구소를 통해 기술 발전에 집중해요. 수소전기트럭을 양산하며 국내 시장에 보급을 확대하고 있고, 전기차 충전 서비스 플랫폼 'E-CSP'를 통해 고객 편의성을 높이는 전략을 펼치고 있어요."
9,NAVER,"197,100", 700,0.36%,100,"673,128","164,049","323,341",47.3,42.53,3.29,"1999년에 설립된 네이버는 국내 1위 인터넷 포털 '네이버(NAVER)'와 글로벌 모바일 플랫폼 '라인(LINE)' 등을 운영하며, 다양한 인터넷 서비스를 기반으로 디스플레이 광고, 동영상 광고 등 광고 사업과 검색, 쇼핑 검색 등 비즈니스플랫폼 사업, 네이버 페이, 클라우드, 웍스 등 IT플랫폼 사업, 네이버 뮤직, 웹툰 등 플랫폼 사업을 영위하고 있다.

이외에도 네이버는 게임업체 ‘한게임’과 검색전문회사 ‘서치솔루션’을 인수합병한 후 통합검색을 세계 최초로 출시했고, 네이버 재팬’의 모바일 메신저 ‘라인’을 출시하며 성공의 기틀을 마련한 뒤, 일본 외 시장에서도 큰 호응을 얻으며 글로벌 메신저로 성장했다. 이러한 사업을 바탕으로 네이버는 라인 주식회사, 라인플러스, 네이버비즈니스플랫폼, 라인씨앤아이 등 98개의 자회사를 두고 있으며, 일본, 미국, 영국, 중국, 베트남, 대만, 태국 등지에 해외법인이 있다. 해외연구소로는 '네이버 · 라인 - 홍콩과학기술대학 AI 연구소', ‘네이버랩스유럽’ 등이 있다.

2021년에는 중소상공인을 대상으로 하는 전문 비즈니스 교육 플랫폼 '네이버 비즈니스 스쿨' 온라인 캠퍼스를 오픈했다. 디지털 플랫폼 상에서의 작은 규모의 경영에 필요한 교육 정보 프로그램을 제공하는 것이 특징이다. 최근 2022년 5월에는 '네이버 검색 콜로키움 2022'에서 기존의 통합검색에서 최신 인공지능 기술을 통해 사용자 맞춤형 검색으로 발전하는 '에어서치'로의 변화 및 연구 성과를 발표했다. 에어서치는 세분화되고 다양해지는 사용자의 요구를 충족시키기 위해 스마트블록을 사용하여 검색 결과를 제공하는 새로운 검색 브랜드이다. 앞으로 사용자가 인공지능을 일상에서 체감할 수 있는 검색 환경을 구축하기 위해 스마트블록을 30%까지 확대 적용할 계획이다.",https://www.catch.co.kr/Comp/CompSummary/112745,"네이버는 대한민국의 대표 인터넷 포털로 다양한 온라인 서비스를 제공하며, 글로벌 모바일 플랫폼 '라인'도 운영해요. 국내외에 다양한 자회사와 연구소를 두고 있어 지속적으로 기술 발전에 힘쓰고 있고요. 최근에는 '네이버 비즈니스 스쿨'과 '에어서치'를 통해 중소상공인 교육과 사용자 맞춤형 검색 기술을 강화하고 있어요."
10,기아,"79,100", 500,-0.63%,"5,000","1,096,649","405,363","320,642",36.46,5.93,14.57,"1944년 설립된 기아는 1998년 현대자동차에 인수되며 현대자동차 그룹의 계열사로 편입되었다. 당사는 현대자동차와 더불어 한국을 대표하는 완성차 제조 기업으로, 완성차의 생산 및 판매 사업을 필두로 차량 부품의 제조, 차량 정비 등의 사업을 함께 영위하고 있다. EV, 승용, RV, 상용, 택시, 버스에 이르는 다양한 종류의 차량을 생산하고 있으며, 대표적인 모델로는 '모닝', '레이', 'K5' 등이 있다.

또한 기아는 전 세계를 위한 지속가능한 모빌리티 솔루션의 제공을 목표로, 자동차 제조를 넘어 모빌리티 솔루션을 제공하며 지속적인 사업 포트폴리오 확대에 주력하고 있다. 2021년, 모빌리티 플랫폼 기업 휴맥스 모빌리티와 전동화·모빌리티 사업 파트너십 구축을 위한 MOU를 체결한 바 있다. 기존의 사명이었던 기아자동차에서 '자동차'를 제외한 것도 모빌리티 솔루션 제공 브랜드로 도약하겠다는 목표가 반영된 것이다. 2022년 4월에는 쿠팡과도 MOU를 맺어 물류·유통 시장에 적합한 목적 전용 모빌리티(PBV) 개발 및 연계 서비스를 제공하기로 했다. 이를 통해 PBV 관련 역량을 발전시키고 글로벌 PBV 시장의 선두 주자로 자리매김하겠다는 포부를 밝혔다.",https://www.catch.co.kr/Comp/CompSummary/380911,"기아는 현대자동차 그룹의 계열사로 한국을 대표하는 완성차 제조 기업이에요. 다양한 차량을 생산하며, 부품 제조와 차량 정비 사업도 함께 영위해요. 최근에는 모빌리티 솔루션 제공에 주력하고 있어 지속가능한 모빌리티 시장에서도 활약하고 있답니다."
11,POSCO홀딩스,"323,000"," 3,500",-1.07%,"5,000","660,077","84,571","273,165",49.77,8.86,6.11,"1968년에 설립된 포스코는 제철업을 영위하는 기업이며 철강재를 세계 최대 규모인 포항제철소와 광양제철소에서 생산하고 있다. 연간 4,200만 톤의 생산체제를 갖추고 있으며 세계 53개국에 열연, 후판, 선재, 냉연, 용융아연도금, 스테인리스 등 다양한 제품을 수출하며 기술력과 품질 우수성을 인정받고 있다.

포스코는 2014년 포스맥(PosMAC) 양산 생산 체제를 확립했다. 주력 시장인 산업·도로시설물 외에 건축용 내외장재와 농업·축산 등 고부식 환경에 적용되는 소재까지 제품 사용 용도를 넓혔으며 에너지 산업인 태양광 구조물용으로도 수요 개발에 성공했다. 포스맥 판매량은 2014년 4만 톤에서 시작해 2021년에는 60만 톤 수준으로 증가해 생산 개시 8년 만에 판매 누계 200만 톤을 돌파했다. 그 결과 국내 철강제품 최초로 미국 UL Environment로부터 ‘환경성적표지(EPD)’ 인증을 획득했다. 뿐만 아니라 유럽과 북중미를 중심으로 전 세계 태양광 시장에서도 각광받으며, 지난 21년 8월 글로벌 2위 태양광 발전설비 제작사인 미국 Array Technologies Inc.와 강재 공급 협약을 맺었다.

이외에도 물류부문 협력강화 및 탄소배출 저감을 위해 포스코는 현대제철과 업무 협약을 체결했다. 이번 협약에 따라 양사는 제품 운송 선박과 전용 부두 등 연안해운 인프라를 공유하고 광양과 평택· 당진항 구간에 복화 운송을 추진할 예정이다. 또한 2022년 5월에는 대만 전고체 배터리 전문기업 '프롤로지움'에 지분을 투자하고 2차전지 핵심소재 개발에 나섰다. 양사는 전고체 배터리 전용 양극재와 실리콘 음극재, 고체전해질 공동개발 및 글로벌 공급 체계 구축을 위해 협력한다. 포스코홀딩스는 프롤로지움과의 협약을 통해 2차전지소재 경쟁력을 강화하고 사업 포트폴리오를 확대할 계획이다.",https://www.catch.co.kr/Comp/CompSummary/370673,"포스코는 세계 최대 규모의 제철업 기업으로, 다양한 철강제품을 생산하고 수출해요. 최근에는 에너지 산업과 태양광 구조물용 소재에도 진출하며 환경 인증을 획득했어요. 또한 물류 협력과 2차 전지 소재 개발 등 다양한 사업 확장을 위해 협약을 체결하고 있답니다."
12,카카오,"59,900", 600,1.01%,100,"1,965,853","445,588","266,907",25.55,17.17,17.1,"1995년에 설립된 카카오는 국내 1위 메신저인 카카오톡을 포함한 다양한 모바일 서비스를 제공 중이며, 커머스, 모빌리티, 페이, 게임, 뮤직, 콘텐츠 등 다양한 영역에서 사업을 영위하고 있는 온라인 플랫폼 기업이다. 대표적인 사업인 카카오톡은 2010년에 론칭되어 대한민국에서의 점유율 94.4%를 차지하고 있는 메신저 플랫폼이다.

카카오는 콘텐츠와 기술을 바탕으로 글로벌 비즈니스를 적극적으로 강화해나갈 예정이다. 당사의 해외진출은 웹툰·웹소설을 비롯한 콘텐츠, 게임 등 엔터테인먼트, 블록체인 사업을 중심으로 이뤄질 것으로 전망된다. 특히 일본·태국 시장에서 1위를 석권한 카카오웹툰은 북미 웹툰 플랫폼 ‘타파스’와 웹소설 플랫폼 ‘래디쉬’를 인수해 북미 시장을 공략 중이다. 연내에는 해외 진출 범위를 유럽과 중화권 등으로 확대할 계획이다.

블록체인은 카카오가 글로벌 진출 핵심 전략으로 꼽은 또 하나의 주력 사업이다. 카카오는 2021년 싱가포르에 자회사 ‘크러스트’를 설립하고, 비영리 법인 ‘클레이트 재단’을 공식 출범을 통해 총 3억달러에 달하는 ‘클레이튼 성장 펀드(KGF)’를 앞세워 전 세계 블록체인 관련 스타트업과 사업에 투자한다는 계획이다.",https://www.catch.co.kr/Comp/CompSummary/041800,"카카오는 국내 최대 메신저 카카오톡을 비롯한 다양한 모바일 서비스를 제공하는 온라인 플랫폼 기업이에요. 글로벌 비즈니스 강화를 목표로 콘텐츠, 게임, 블록체인 사업 등에 진출하고 있어요. 특히 웹툰과 블록체인을 주력 사업으로, 유럽과 중화권 등 다양한 시장에 확장할 계획이에요."
13,셀트리온,"151,600", 400,0.26%,"1,000","338,269","140,819","213,482",20.16,37.35,16.04,"1991년에 설립된 셀트리온은 생명공학기술을 기반으로 항암제 등 각종 단백질 치료제를 개발, 생산하는 바이오의약품 사업에 주력하고 있는 종합생명공학 기업이다. 당사는 세계 최초 자가면역질환 치료용 바이오시밀러 '램시마'를 개발했다. 이후에도 케미컬의약품과 신약 개발, U-헬스케어 플랫폼 사업 등 차별화된 사업 다각화에 주력하며 포트폴리오를 구축하고 있다.

셀트리온은 최근 항암 항체치료제 시장에서 포트폴리오 구축하기 위해 역량을 강화하고 있다. 당사는 전이성 직결장암, 비소세포폐암 등 아바스틴에 승인된 전체 적응증(Full Label)에 대해 양 기관에 허가 신청을 완료했다. 최근에는 결장직장암 치료제 ‘아바스틴(성분: 베바시주맙)’ 바이오시밀러 ‘CT-P16’를 한국 식품의약품안전처(식약처) 및 미국 FDA에 허가 신청을 완료했다. 셀트리온은 이후 유럽 및 주요 국가를 타깃으로 한 허가 신청도 신속하게 진행할 계획이다. 오리지널 의약품은 한국을 비롯해 미국, 유럽은 물론 거의 모든 국가에서 이미 물질특허가 만료된 상태다. CT-P16의 글로벌 허가 절차가 완료되면 내년 하반기부터 순차적으로 시장에 제품을 선보일 계획이다.",https://www.catch.co.kr/Comp/CompSummary/251763,"셀트리온은 바이오의약품을 개발하고 생산하는 종합생명공학 기업이에요. 세계 최초의 바이오시밀러 '램시마'를 개발한 것으로 유명하고, 다양한 의약품과 U-헬스케어 플랫폼 사업에 진출해 포트폴리오를 확장하고 있어요. 최근에는 항암 항체치료제 시장에서의 포트폴리오 구축을 위해 역량을 강화하며 글로벌 허가 절차를 추진하고 있어요."
14,포스코케미칼,"269,500"," 28,500",11.83%,500,"3,665,030","77,463","208,763",7.87,176.49,4.87,"1971년에 설립된 포스코케미칼은 내화물 제조 사업을 영위하는 기업이다. 동사의 주요 사업은 이차전지소재, 첨단화학소재, 산업기초소재로 탄소소재 원료와 제품, 내화물과 생석회 등을 제조 및 판매하고 있다. 또한 이차전지소재 분야에서 포스코 그룹의 리튬, 니켈 등 원료, 이차전지소재연구센터 등 R&D 인프라, 글로벌 마케팅 네트워크를 연계해 사업경쟁력을 높여 나가고 있다.

특히 지난 2010년 음극재 사업에 진출해 국내 최초로 국산화에 성공한 포스코케미칼은 현재 국내 배터리 3사를 비롯해 미국 얼티엄셀즈 등을 고객사로 확보하며 시장 점유율을 높여가고 있다. 음극재 코팅용 피치 국산화에 돌입하고, 탄자니아 흑연 광산을 보유한 블랙록마이닝의 지분 15%를 인수하는 등 음극재 원료 확보에 노력을 기울여 왔다. 이와 함께 양극재 사업에서도 2022년까지 연산 10만t의 광양공장 건설을 완료하고, 연 6만t생산 규모의 포항공장 건설도 추진할 계획이다.

최근에는 ESG경영의 일환으로 친환경 기술 개발을 비롯해 생산 과정에서의 온실가스 감축에도 적극 나서고 있다. 특히 소재기술 혁신에 힘을 쏟고 있으며 포스코케미칼은 전기차 고성능화를 위해 1회 충전 시 500㎞ 이상 주행할 수 있는 배터리를 위한 하이니켈 양극재를 개발했다. 전기차 배터리의 수명을 늘리는 인조흑연 음극재, 충전 속도와 안정성을 개선한 저팽창 음극재 등의 핵심 소재를 개발하는 성과도 거뒀다. 에너지 저장 용량을 크게 높인 실리콘계 음극재와 전고체 배터리 소재 등도 개발하고 있다.",https://www.catch.co.kr/Comp/CompSummary/520233,"포스코케미칼은 내화물 제조를 비롯해 이차전지 소재, 첨단화학소재, 산업기초소재를 생산하는 기업이에요. 국내 배터리 3사와 미국 얼티엄셀즈 등을 고객사로 확보하며 시장 점유율을 높이고 있어요. 또한, 친환경 기술 개발과 온실가스 감축에 힘쓰며, 전기차 배터리의 성능과 안정성을 향상시키는 핵심 소재를 개발하고 있어요."
15,현대모비스,"214,500"," 4,500",-2.05%,"5,000","132,955","94,285","202,242",36.37,8.16,6.8,"1977년에 설립된 현대모비스는 자동차의 모듈과 핵심부품 제조에 주력하고 있는 자동차 부품 전문기업이다. 캘로퍼, 산타모 등의 완성차 생산을 시작으로 철도차량 사업에서도 우수한 기술력을 인정받아 경부고속전철 최종 조립업체로 선정되었다.

현대모비스는 자동차 3대 핵심 모듈인 프론트엔드모듈, 샤시모듈, 칵핏모듈을 생산하여 공급하고 있다. 연구개발 초기 단계부터 완성차 업체와 협력하여 자동차 특성에 맞춘 모듈을 개발, 생산하고 있으며, 첨단화 및 시스템 통합화를 통해 생산공정 간소화와 조립 편의성 증대 등 모듈화 효과를 바탕으로 글로벌 경쟁력을 강화하고 있다. 또한 중국, 미국, 인도, 유럽 등 주요 생산거점을 기반으로 현지 생산을 확대하면서 해외 시장에서의 경쟁력을 높이고 있다.

현대모비스는 전기차, 수소연료전지차 등 친환경 자동 차의 핵심부품인 구동모터, 배터리 시스템 등을 생산하며 핵심 부품 개발에 역량을 집중하고 있다. 또한 HDA(Highway Driving Assist), RSPA(Remote SmartParking Assis) 등의 개발을 통해 자율주행 주차 부문의 경쟁력도 강화하고 있다. 2022년 5월 당사는 독일 기업 '벡터'와 차량용 소프트웨어 플랫폼 공동개발을 위한 업무협약을 체결했다. 향후 자율주행 무선통신 기술 솔루션이 적용된 시스템 개발에 공동 소프트웨어를 탑재하고, 오토사 기반 플랫폼 수요를 겨냥한 개발에 집중할 예정이다.",https://www.catch.co.kr/Comp/CompSummary/380130,"현대모비스는 자동차 모듈과 핵심부품 제조에 전문화된 기업이에요. 프론트엔드모듈, 샤시모듈, 칵핏모듈 등의 핵심 모듈을 생산하며, 전기차와 수소연료전지차의 구동모터와 배터리 시스템도 개발해요. 또한, 자율주행 기술 개발에 집중하며, 독일 벡터와 차량용 소프트웨어 플랫폼 공동개발을 추진하고 있어요."
16,삼성물산,"107,100", 500,-0.46%,100,"214,155","186,887","200,156",17.23,9.88,7.16,"삼성물산은 삼성그룹의 모기업으로 1938년 설립되었으며, 2015년 삼성물산과 제일모직 합병을 통해 건설/상사/패션/리조트/급식·식자재유통/바이오 산업을 아우르는 Global Business Partner 및 Lifestyle Innovator로 성장하였다. 사업부문은 국내외의 건축, 토목, 플랜트, 주택 분야의 사업을 영위하고 있는 건설부문과 자원개발, 철강, 화학, 산업소재, 섬유 등 다양한 방면에서 국제무역을 하고 있는 상사부문, 의류 제조 및 수입, 판매사업과 모제품(직물)가공 및 판매사업을 하는 패션부문, 조경사업과 에버랜드, 캐리비안베이, 골프장 및 전문급식, 식자재유통사업(삼성웰스토리)을 영위 운영하는 리조트부문, 바이오의약품 위탁생산사업 및 바이오시밀러 사업으로 구성되어 있다.

삼성물산은 2022년 5월 포스코, 사우디아라비아 국부펀드 PIF와 그린수소 사업 관련 포괄적 협력을 위한 업무협약을 체결하였으며, 친환경에너지 솔루션 확보를 위한 미래 성장 동력 찾기에 힘쓰고 있다. 또한, 당사는 미국 뉴스케이파워사에 지분 투자를 결정하며, 소형모듈원전(SMR) 사업 진출을 노리고 있다. 협력사는 SMR 세계 1위 기업으로 당사는 협력을 통해 전력 생산의 고효율화 및 고온 증기 활용한 수소 연구를 지속할 예정이다.",https://www.catch.co.kr/Comp/CompSummary/810053,"삼성물산은 건설, 상사, 패션, 리조트, 급식·식자재유통 및 바이오 산업을 아우르는 다양한 사업 분야를 가진 기업이에요. 2022년에는 포스코와 사우디아라비아 국부펀드와 그린수소 사업 협력을 위한 업무협약을 체결했어요. 또한 미국 뉴스케이파워사와 소형모듈원전(SMR) 사업 진출을 추진하며 친환경 에너지 솔루션을 지향하고 있어요."
17,KB금융,"48,050", 950,-1.94%,"5,000","1,446,278","408,897","196,475",72.59,4.5,9.17,"2008년 설립된 KB금융지주는 KB금융그룹의 지주회사이다. 당사는 산하에 KB국민은행, KB증권, KB손해보험, KB국민카드 등의 계열사를 두고 은행, 카드, 증권, 생명보험, 손해보험, 저축은행 등의 다양한 사업을 영위하고 있다.

최근에는 핵심사업인 보험 및 글로벌 사업에 대한 추진력을 높이고, 디지털부문을 강화하기 위하여 조직개편 및 경영진 인사를 단행하기도 했다. 또한 금융권 최초로 '탈석탄 금융 선언'을 공표하며, 국내외 석탄화력발전소 건설과 관련된 신규 프로젝트 파이낸싱 및 채권 인 사업 참여를 전면 중단했다.

동시에 신재생에너지 및 친환경 기업에 대한 투자를 확대하고 환경부와 녹색채권 활성화를 위한 업무협약을 체결하는 등 당사의 ESG 경영이 글로벌 표준으로 자리잡을 수 있도록 다양한 노력을 기울이고 있다.",https://www.catch.co.kr/Comp/CompSummary/C46308,"KB금융지주는 KB금융그룹의 지주회사로, 은행, 카드, 증권, 보험 등의 다양한 금융 사업을 영위해요. 최근에는 디지털 사업 강화와 함께 금융권 최초로 '탈석탄 금융 선언'을 통해 친환경 금융 활동에 주력하고 있어요. 또한 ESG 경영을 위해 신재생에너지 및 녹색채권 활성화를 추진하며 글로벌 표준을 지향하고 있어요."
18,LG전자,"117,500", 100,0.09%,"5,000","911,673","163,648","192,286",26.79,13.44,6.32,"1958년 금성사로 창립된 LG전자는 국내 최초의 국산 라디오인 'A-501'의 개발을 시작으로, 수많은 '최초'의 전자제품들을 생산해오며 가전제품, 전자제품, 자동차 부품 등 다양한 분야에서 시장을 선도하는 글로벌 전자제품 제조기업으로 자리매김했다. 당사는 Home Appliance & Air Solution, Home Entertainment, Vehicle component Solutions, Business Solutions 총 4개의 사업본부로 구성되어 있다.

Home Appliance & Air Solution 부문의 주요 제품으로는 세탁기, 냉장고, 에어컨 등이 있으며 Home Entertainment 부문의 주요 제품으로는 올레드 TV, QNED Mini LED TV, 사운드바 등이 있다. 이외에도 텔레매틱스, 전기차 모터 등의 자동차 관련 부품과 노트북, 모니터 등의 다양한 IT 제품을 제공하며 글로벌 시장을 선도하고 있다.

LG전자는 2020년 카이스트와 함께 '디지털 헬스케어 연구센터'를 설립한 이래로 신체 및 정신건강을 관리할 수 있는 디지털 치료 기술과 뇌공학 등, 디지털 헬스케어 관련 기술을 발전시키고 신사업을 추진하고 있다. 또한 2022년에는 방역 로봇인 'LG 클로이 UV-C봇'을 출시하며 로봇 라인업을 6종으로 확장했다. LG전자는 일상용 로봇 서비스를 지속적으로 출시하며 로봇사업 확장에 박차를 가할 계획이다.",https://www.catch.co.kr/Comp/CompSummary/196275,"LG전자는 글로벌 전자제품 제조기업으로, 가전제품, 전자제품, 자동차 부품 등 다양한 분야에서 시장을 선도해요. 회사는 4개의 사업본부로 구성되어 있으며, 세탁기, 냉장고, 에어컨, TV, 사운드바, 자동차 부품, 노트북, 모니터 등 다양한 제품을 생산하고 있어요. 또한, 디지털 헬스케어 기술 발전과 로봇사업 확장을 추진하며 미래 사업에도 적극 나서고 있어요."
19,신한지주,"34,450"," 1,000",-2.82%,"5,000","2,045,518","508,785","175,276",62.87,3.94,9.7,"신한은행은 1897년 한성은행으로 설립된 국내 최초의 민간 상업은행인 '조흥은행'과 1982년 설립된 '신한은행'이 2006년 합병되며 새롭게 출범하였다. 당사는 신한금융그룹의 주요 계열사 중 한 곳으로, 국민은행, 우리은행, 하나은행과 더불어 국내 4대 은행으로 이름을 알리고 있다.

신한은행은 개인 및 기업 고객을 대상으로하는 다양한 금융상품의 제공을 주요 사업으로 영위하고 있으며, 금융상품의 종류로는 예금 및 신탁, ISA, 대출, 펀드, 외환, 퇴직연금, 보험 등이 있다. 예금 및 신탁 부문의 주요 상품으로는 '신한 알.쏠 적금', '신한 스마트 적금', '신한 첫급여 드림 적금' 등이 있으며, 대출부문에서는 신용대출을 비롯한 주택 및 전세자금 대출, MY CAR 대출 등의 대출 상품을 제공하고 있다.

또한 당사는 고객 편의를 높이기 위한 다양한 서비스도 제공하고 있다. 특히, '신한 쏠(SOL)', '신한S뱅크 mini' 등의 스마트폰뱅킹, 스마트전용 어플을 통한 스마트금융서비스를 제공한다. '신한 쏠(SOL)'의 경우 사용자 수의 약 절반가량이 20~30대 연령층의 고객으로, '모바일 쿠폰 마켓' 서비스나 ‘달토끼의 추석선물'과 같은 다양한 퀴즈 및 이벤트를 진행하며 MZ세대 고객들의 호응을 얻고 있다. 최근 2022년 6월부터 여의도와 강남에서 평일 저녁과 토요일에 은행업무를 볼 수 있도록 '신한 이브닝플러스 서비스'를 실시하고 있다. 위 서비스는 기존 평일 오후 4시까지만 운행하던 시간대를 오후 8시까지로 늘려 은행 방문에 제약이 많은 직장인의 편의성을 높인 상품으로 주목을 받고 있다.",https://www.catch.co.kr/Comp/CompSummary/840130,"신한은행은 국내 최초의 민간 상업은행으로 국내 4대 은행 중 하나로 알려져 있어요. 다양한 금융상품을 제공하며, 개인 및 기업 고객을 대상으로 한 예금, 대출, 펀드, 외환 등의 서비스를 제공해요. 또한 고객 편의를 위해 스마트폰뱅킹 서비스와 신한 이브닝플러스 서비스를 통해 고객들의 편의성을 높이고 있어요."
20,SK이노베이션,"163,500"," 1,700",-1.03%,"5,000","588,960","92,466","151,181",24.64,9.77,8.49,"2007년에 설립된 SK이노베이션은 에너지화학 기업이자 SK그룹 석유화학사업부문의 중간 지주회사로서 6개의 자회사 및 2개 사업 단위를 두고 있다. 당사는 석유개발사업, 중대형 배터리 사업, 정보전자소재 사업을 주요사업으로 영위하고 있다. 석유개발 분야에서는 국내 기업 최초로 해외 유전을 확보했으며 페루, 베트남 등의 주요 생산 광구에서 일일 약 5만 5천 배럴(19년 말 기준)의 원유와 천연가스를 생산하고 있다. 또한 2015년에는 국내 기업 최초 남중국해 광구사업 개발을 추진했다.

당사는 전기차 배터리 부분에서 업계 최초로 리튬이온 배터리에 고에너지밀도 삼원계 소재를 적용하여 양산에 성공했다. 이러한 기술력을 바탕으로 SK이노베이션은 현대자동차, 베이징자동차, Daimler, 폭스바겐 등 세계 유수의 자동차 업체들에 배터리를 공급하고 있다. 2021년에는 미국의 완성차 기업인 포드와 함께 미국 테네시주와 켄터키주에 총 114억달러를 투자해 전기차용 배터리 공장과 전기차 조립 공장을 건설함으로써 미국 내의 입지를 단단하게 구축하고 글로벌 배터리 영토를 확장하고자 한다.

SK이노베이션은 배터리사업을 중심으로 사업구조를 전면 혁신할 계획이다. 기존 영역에서 나아가 Battery-as-a-service, ESS 등 다양 영역으로 사업을 확장하고자 한다. 경쟁사는 LG에너지솔루션, 삼성SDI이며 세 기업 모두 전기차 배터리 부문에서 실리콘 음극재 적용을 추진에 역량을 강화하고 있다.",https://www.catch.co.kr/Comp/CompSummary/490896,"SK이노베이션은 에너지화학 기업으로, 석유개발, 전기차 배터리, 정보전자소재 사업 등을 주요 사업으로 하고 있어요. 전기차 배터리 부문에서 세계적인 자동차 업체들에 배터리를 공급하며, 미국에 공장을 건설해 글로벌 영토를 확장하고 있어요. 또한, 사업구조를 혁신하며 배터리 관련 다양한 영역으로 확장하려고 해요."
21,LG,"90,900"," 2,300",2.60%,"5,000","803,049","157,301","142,987",35.78,6.62,12.36,"1947년에 설립된 LG는 LG CI와 LG EI와의 합병을 통해 2003년에 지주회사로 전환했다. 주요 수입원은 자회사로부터 받는 배당수익, LG브랜드의 권리를 소유하며 사용자로부터 수취하는 상표권 사용수익, 소유 건물의 임대를 통한 임대수익 등이 있다. 주요 종속회사들이 영위하는 사업은 IT서비스업(LG CNS), 부동산 종합서비스업(에스앤아이), 경제경영 교육 및 자문업(LG경영개발원), 스포츠(LG스포츠), 부동산 임대업 등이 있다. 이중 주력인 LG CNS는 그동안 산업과 서비스, 플랫폼, 솔루션 등 4개 분야 30개 사업의 대형 IT 프로젝트를 수행하면서 쌓은 노하우로 국내외에서 컨설팅, 시스템 구축과 운영, 종합 아웃소싱 등을 제공하고 있다.

LG는 최근 주력사업과 성장사업의 경쟁력을 강화하는 방향으로 사업 포트폴리오를 고도화하며 홈 이코노미, 건강과 위생, 비대면과 원격 등 새로운 분야에서 수요가 증가하는 트렌드 변화에 대응해 다양한 제품과 서비스를 출시했다.",https://www.catch.co.kr/Comp/CompSummary/350079,"LG는 1947년에 설립된 기업으로, 지주회사 형태를 가지고 있어요. 주요 사업은 IT서비스, 부동산 서비스, 경영 교육 및 자문 등 다양한 분야에 걸쳐 있고, LG CNS가 대표적인 주력사업이에요. 최근에는 홈 이코노미, 건강과 위생, 비대면과 원격 등 새로운 트렌드에 맞춰 사업 포트폴리오를 고도화하며 다양한 제품과 서비스를 출시하고 있어요."
22,삼성생명,"63,800"," 2,200",-3.33%,500,"267,492","200,000","127,600",14.94,8.06,5.73,"1957년 설립된 삼성생명보험은 국내 1위의 생명보험회사로 한국에서 가장 큰 삼성그룹 내 대표기업 중 하나다. 설립된 이래 사망, 장애, 질병, 사고 및 기타 사건에 대하여 광범위한 보호를 제공할 수 있는 보장성 보험상품 및 연금/저축성 보험상품 등 개인의 생애 단계에 발생하는 특정한 니즈에 부합하는 보험상품과 서비스를 제공하는 것을 주요 사업으로 하고 있다. 사업 영역은 보험, 대출, 퇴직연금, 펀드 그리고 신탁사업으로 구성되어 있다.

삼성생명보험은 태블릿 및 모바일 청약 시스템 정착, 보험업계 최초 비대면 화상 상담 시스템 구축, 온라인 모바일 사고보험금 접수 프로세스, 디지털 진단 서비스 등 보험업무 전반에 걸쳐 디지털화를 추진했다. 또 이를 바탕으로 인공지능(AI) 기반 대고객 서비스도 확대하고 있으며, 음성봇을 이용한 피보험자 대상 서비스콜 음성봇 서비스도 준비하고 있다. 앞으로 24시간 365일 고객 응대를 위해 전문성이 요구되는 상담 업무로까지 서비스를 넓힐 방침이다.

삼성생명보험은 최근 2030 MZ세대 고객 확보에도 적극 나서고 있다. 지난 2021년에는 이마트, 마켓컬리 등과 협업으로 삼성생명수(水)와 삼성생명미(米)를 내놓기도 했다. 앞으로 MZ세대 공략을 위해 가성비 높은 비대면 상품을 개발하고, 모바일 기반 플랫폼 구축에 나설 방침이다. 이외에도 해외 자산운용사 대상 M&A로 글로벌 운영사업 확대를 추진할 계획으로 지속 가능한 성장을 위해 해외사업 확대 전략도 지속할 방침이다.",https://www.catch.co.kr/Comp/CompSummary/870021,"삼성생명은 1957년 설립된 국내 최대의 생명보험 회사로, 보험, 대출, 퇴직연금, 펀드, 신탁 사업 등 다양한 금융 상품과 서비스를 제공해요. 디지털화를 추진하며 인공지능 기반 대고객 서비스를 확대하고 있고, MZ세대 고객 확보에도 적극적으로 나서고 있어요. 앞으로 해외사업 확대 전략과 지속 가능한 성장을 위한 글로벌 운영사업 확대를 계획하고 있어요."
23,SK,"162,900"," 3,100",-1.87%,200,"199,142","74,149","120,789",22.9,11.08,5.13,"에스케이주식회사는 주로 석유 사업을 영위하는 한국 기반 회사입니다. 회사는 에스케이이노베이션주식회사, 에스케이텔레콤주식회사, 에스케이네트웍스주식회사, 에스케이건설주식회사, 에스케이이엔에스주식회사를 포함한 자회사를 통해 석유 사업, 이동통신서비스, 에너지 및 정보통신 유통, 건설사업 등 사업을 영위하고 있습니다. 에스케이이노베이션주식회사는 지주회사이며 석유 및 화학 관련 사업을 운영하고 있습니다. 에스케이텔레콤주식회사는 음성 및 데이터 이동통신서비스를 제공합니다. 에스케이네트웍스주식회사는 에너지 및 정보통신 유통, 렌터카 등 사업을 영위합니다. 에스케이건설주식회사는 인프라, 건축 및 주택, 플랜트 건설사업을 종사합니다. 에스케이이엔에스주식회사는 가스사 소유 및 복합화력발전 사업을 영위하고 있습니다.",,"SK는 주로 석유 사업을 하는 한국 기반의 회사로, 여러 자회사들을 통해 다양한 사업을 영위해요. 주요 자회사들은 에스케이이노베이션(석유 및 화학), 에스케이텔레콤(이동통신), 에스케이네트웍스(에너지 및 정보통신 유통), 에스케이건설(건설) 및 에스케이이엔에스(가스 및 발전)입니다. 이 회사들을 통해 SK는 다양한 분야에서 경쟁력을 갖추고 있어요."
24,하나금융지주,"40,650"," 1,350",-3.21%,"5,000","1,414,470","295,903","120,285",71.81,3.4,10.06,"하나금융지주는 2005년, 금융지주회사법에 근거하여 설립된 지주회사로 하나금융그룹의 경영전략과 경영자원 지원, 자회사에 대한 자금지원 및 자금조달 등을 담당하고 있다. 하나금융그룹은 하나금융지주를 중심으로 하나은행, 하나금융투자, 하나카드, 하나캐피탈, 하나생명 등 14개의 자회사와 28개의 손자회사 및 1개의 증손회사, 전 세계 25개국의 글로벌 네트워크를 보유하고 있다.

하나금융그룹은 그룹통합멤버십인 '하나멤버스'를 금융권 최초로 개발하여 1,700만 명의 회원을 보유하고 있으며, 2022년 3월에는 '하나멤버스'의 이름을 '하나머니'로 변경하여 하나금융 고객이 아니더라도 플랫폼을 이용할 수 있도록 만들었다. 또한, 모바일 금융 앱 '하나원큐'는 그룹 관계사들과의 연계를 통해 주식, 카드 거래, 보험 진단 등 다양한 서비스를 한 번의 로그인만으로 가능하도록 만들었으며, 은행권 최초로 얼굴 인증 서비스를 도입하여 쉽고 빠른 금융 거래 환경을 제공했다.

2022년 4월, 하나금융지주는 2005년 지주사 설립 이래 최초로 1,500억 원 규모의 자사주 소각을 진행했다. 이러한 결정은 주주환원정책의 일환으로 앞으로 주주가치 향상을 위해 다양한 주주환원정책도 시행할 예정이라고 밝혔다.",https://www.catch.co.kr/Comp/CompSummary/380557,"하나금융지주는 2005년 설립된 금융 지주회사로, 하나은행, 하나금융투자, 하나카드 등 다양한 자회사를 포함한 글로벌 네트워크를 갖추고 있어요. 그들은 하나멤버스(현재 하나머니)와 하나원큐 앱을 통해 편리하고 다양한 금융 서비스를 제공하고 있어요. 또한, 주주 가치 향상을 위해 자사주 소각과 같은 다양한 주주환원 정책을 시행할 계획이에요."
25,KT&G,"87,200", 300,0.35%,"5,000","244,275","137,292","119,719",44.2,11.79,11,"1997년에 설립된 KT&G(구 한국담배인삼공사)는 담배 제조판매업을 주로 영위하는 기업이다. 이외에도 정관장, 뿌리삼, 홍삼정 에브리타임 등 인삼 종류의 건강기능식품 및 식음료품 제조와 판매업, 국내뿐만 아니라 중동과 중앙아시아 등 60여 개국에 자사제품을 수출하고 있다.

2017년 국내에 궐련형 전자담배 ‘릴 솔리드’ 1세대 출시를 시작으로, 2018년 듀얼코어 히터가 적용된 ‘릴 플러스’, 54g의 가벼운 무게인 ‘릴 미니’, 풍부한 연무량이 장점인 ‘릴 하이브리드’ 등을 잇달아 내놨다. 이러한 전략을 통해 릴은 올해 국내 궐련형 전자담배 시장 점유율을 2017년 2%에서 2021년 6월 기준 약 40%까지 끌어올렸다.

KT&G는 최근 PMI와 전략적 제휴를 맺고 릴의 해외 진출에 본격적으로 나선 바 있다. 기존 러시아와 우크라이나 시장에는 릴 솔리드 2.0을 추가로 선보이고, 카자흐스탄, 세르비아, 키르키스스탄, 아르메니아, 우즈베키스탄, 북마케도니아 등 유럽 동남부와 중앙아시아로 해외 판로를 확대해나가고 있다.",https://www.catch.co.kr/Comp/CompSummary/001471,"KT&G는 1997년 설립된 기업으로, 주로 담배 제조와 판매를 하고 있으며, 인삼 건강기능식품과 식음료품도 생산해요. 궐련형 전자담배 '릴' 시리즈를 선보여 국내 시장 점유율을 높였고, 해외 시장으로도 확장하고 있어요. 최근에는 PMI와 제휴를 맺어 유럽 동남부와 중앙아시아 등 다양한 국가에 릴 제품을 선보이며 국제 시장에서 성장하고 있어요."
26,카카오뱅크,"24,150", 200,-0.82%,"5,000","1,303,577","476,731","115,130",13.6,43.67,4.68,"카카오뱅크는 카카오톡과의 연계로 2016년 설립되어 100% 스마트폰 전용으로 운영되는 인터넷 전문은행이다. 모바일 앱을 통해 비대면으로 수신과 여신 등의 업무를 처리하며 사업을 영위하고 있다. 당사는 금융 상품에 재미와 감성, 사회적 기능을 최초로 접목했다. 게이미피케이션(Gamification·게임화) 요소를 지닌 ‘26주 적금’, 사회적 기능을 탑재한 ‘모임 통장’이 대표적인 사례다. 당사는 금융 모바일 앱 부문에서 MAU 1400만 명(닐슨 미디어 디지털 데이터 기준)으로 1위에 올라 있으며 설립 5년만인 2021년 총 고객 수가 1700만명을 돌파하며 지속적인 고객 증가세를 보이고 있다.

오픈 초기 디지털 환경에 친숙하고 새로운 혁신 서비스 수용에 적극적인 특성을 지닌 20~30대의 젊은층을 중심으로 고객군이 형성됐으나, 이후 상품 및 서비스의 효용과 안정성 등이 입증되며 전 연령층으로 고객 기반이 확대되고 있다. 당사는 최근 중저신용 고객 대상 금융 상품 및 고객 혜택을 강화하고 있다. 지난 6월 중저신용 고객 대출 확대을 위한 태스크포스(T/F)를 구성했으며 같은 달 새로운 신용평가모형을 적용했다. 8월에는 중저신용 고객 전용 대출 신상품을 추가 출시하고 26주적금에 가입하는 중저신용 고객에 대해서는 이자를 두배 주는 프로모션도 진행하는 등 신파일러(Thin Filer) 고객을 위한 혜택을 마련했다.",https://www.catch.co.kr/Comp/CompSummary/HM8410,"카카오뱅크는 2016년 설립된 100% 스마트폰 전용 인터넷 전문은행으로, 비대면 업무 처리를 통해 금융 서비스를 제공해요. 재미와 감성, 사회적 기능을 접목한 금융 상품을 선보이며 고객 수가 꾸준히 증가하고 있어요. 중저신용 고객을 대상으로한 금융 상품과 혜택을 강화해 다양한 고객층의 금융 서비스를 지원하고 있어요."
27,삼성전기,"150,500", 800,0.53%,"5,000","246,280","74,694","112,414",29.66,11.91,13.76,"1973년 설립된 삼성전기는 핵심 전자부품을 개발 및 생산하는 기업이다. 창립 당시 Audio/Video부품 생산을 기반으로 대한민국 부품산업의 기술 자립 토대를 마련한 삼성전기는 1980년대에 소재 및 컴퓨터 부품으로 사업영역을 다각화하고 1990년대에는 칩부품, 이동통신부품, 광부품과 같은 차세대 유망 신제품 개발에 주력하였다. 2000년대에 들어서는 소재, 다층박막성형, 고주파회로설계 핵심기술을 바탕으로 전략기술의 심화 발전과 사업의 시너지 창출을 도모하고 있으며, 이를 중심으로 칩부품, 카메라 모듈, 통신 모듈, 기판 등의 사업을 집중 육성하고 있다. 더 나아가 당사는 핵심 제품의 일류화와 기술 융복합을 통한 지속적인 신제품 개발로 사업 포트폴리오를 확대할 방침이다.

2021년 당사는 세계 최고 성능의 초소형, 고용량 MLCC 신제품 개발에 성공하였으며, 자율주행(ADAS)용 MLCC, 5G 스마트폰용 최고용량 MLCC, 5G 기지국용 MLCC, 스마트폰용 3단자 MLCC 등 다양한 제품 개발에 성공하였다. 또한 이사회를 통해 베트남 생산법인 FCBGA 투자를 결의하였다. 총 8억 5천만 불의 투자 금액을 2023년까지 단계적으로 집행하면서 장기적인 성장이 기대되는 반도체 패키지기판 사업에 역량을 집중할 계획이다. 해당 투자를 통해 삼성전기는 시장 성장에 따른 수요 증가에 적극 대응하고, 고부가 제품 시장 선점을 위한 기반 구축에 나섰다.

삼성전기는 2022년 국내 최초로 자동차 핵심 구동장치인 파워트레인에 적용 가능한 적층세라믹커패시터(MLCC)를 개발했다. 향후 독자적인 유전체 개발과 차별화된 제조 공법 등 관련 역량을 발전시켜 전장용 MLCC 시장 점유율을 확장할 예정이다.",https://www.catch.co.kr/Comp/CompSummary/380733,
28,한국전력,"17,300", 30,-0.17%,"5,000","880,998","641,964","111,060",14.33,-0.45,-46.91,"1962년 설립된 두산에너빌리티(구 두산중공업)는 산업의 기초 소재를 생산하는 주단조부터 원자력, 화력 등의 발전설비, 해수담수화 플랜트, 화공플랜트, 환경설비 및 연료전지 등 신재생 관련 기자재 등을 제작하여 국내외 플랜트 시장에 공급하는 대표적인 발전설비 제작 및 시공하는 전문 기업이다.

당사는 축적된 기술력과 노하우를 바탕으로 설계, 엔지니어링에서부터 기자재 제작 및 설치, 시운전에 이르기까지의 과정을 일괄 수행하는 EPC(Engineering, Procurement & Construction) 사업에 주력하여 해외 발전, 담수 시장에서 성과와 함께 호평을 받고 있다. 특히 기술적인 측면에서 발전소의 핵심설비인 보일러와 터빈 원천기술 확보는 물론, 친환경 보일러 기술과 풍력, IGCC 등 친환경 미래 신기술 개발에도 박차를 가하고 있다.

2021년 5월 폐배터리를 재활용해 탄산리튬을 회수하는 기술 개발에 성공하였다. 당사는 당해 하반기부터 연간 1500톤 규모의 사용 후 배터리를 처리 할 수 있는 설비 실증을 추진하고 순도 99%의 탄산리튬을 생산하는 등 본격적인 사업에 나설 예정이며, 2029년 1만 9000톤 규모로 급증이 예상되는 국내 폐배터리 재활용 시장을 적극 공략해 나갈 계획이다. 나아가 폐배터리 재활용 기술 및 폐플라스틱 · 폐비닐로 수소를 생산하는 기술 등 폐자원 처리 기술을 통해 ‘순환 경제’ 구축에 앞장서는 한편 ESG 경영을 강화해 나갈 계획이다.",https://www.catch.co.kr/Comp/CompSummary/382647,
29,두산에너빌리티,"17,360", 330,-1.87%,"5,000","4,957,818","638,308","110,810",12.72,347.2,10.67,"1962년 설립된 두산에너빌리티(구 두산중공업)는 산업의 기초 소재를 생산하는 주단조부터 원자력, 화력 등의 발전설비, 해수담수화 플랜트, 화공플랜트, 환경설비 및 연료전지 등 신재생 관련 기자재 등을 제작하여 국내외 플랜트 시장에 공급하는 대표적인 발전설비 제작 및 시공하는 전문 기업이다.

당사는 축적된 기술력과 노하우를 바탕으로 설계, 엔지니어링에서부터 기자재 제작 및 설치, 시운전에 이르기까지의 과정을 일괄 수행하는 EPC(Engineering, Procurement & Construction) 사업에 주력하여 해외 발전, 담수 시장에서 성과와 함께 호평을 받고 있다. 특히 기술적인 측면에서 발전소의 핵심설비인 보일러와 터빈 원천기술 확보는 물론, 친환경 보일러 기술과 풍력, IGCC 등 친환경 미래 신기술 개발에도 박차를 가하고 있다.

2021년 5월 폐배터리를 재활용해 탄산리튬을 회수하는 기술 개발에 성공하였다. 당사는 당해 하반기부터 연간 1500톤 규모의 사용 후 배터리를 처리 할 수 있는 설비 실증을 추진하고 순도 99%의 탄산리튬을 생산하는 등 본격적인 사업에 나설 예정이며, 2029년 1만 9000톤 규모로 급증이 예상되는 국내 폐배터리 재활용 시장을 적극 공략해 나갈 계획이다. 나아가 폐배터리 재활용 기술 및 폐플라스틱 · 폐비닐로 수소를 생산하는 기술 등 폐자원 처리 기술을 통해 ‘순환 경제’ 구축에 앞장서는 한편 ESG 경영을 강화해 나갈 계획이다.",https://www.catch.co.kr/Comp/CompSummary/382647,
30,고려아연,"535,000"," 7,000",-1.29%,"5,000","30,809","19,863","106,268",22.26,13.19,9.38,"1974년 8월 설립된 고려아연은 1978년 연산 5만톤 규모의 아연제련공장 준공을 시작으로, 끊임없는 기술개발과 설비투자를 통해 현재는 아연 뿐 아니라 연, 금, 은, 동, 그리고 인듐 등 희소금속 분야에 이르기까지 총 18여종류의 비철금속 120만여톤을 생산하는 글로벌 종합 비철금속 제련회사다.

고려아연은 2021년 9월, 국내 금속 업계 최초로 RE100(Renewable Energy 100)에 가입하며 탈탄소 경영을 본격화했다. RE100은 전 세계 영향력 있는 기업들이 전 사업장에서 사용하는 전기의 100%를 재생에너지로 전환할 것을 약속하고, 기업의 재생에너지 수요와 공급을 확대하기 위해 협력하는 글로벌이니셔티브다. 앞서 당사의 호주 자회사인 썬메탈스 코퍼레이션(SMC)이 아연 제련 업계 최초로 RE100에 가입했고, 2018년에 완공한 호주 최대의 산업용 태양광 발전 설비를 통해 이미 전체 전력 사용량의 23%가량을 재생에너지로 충당하고 있다.

고려아연은 호주에서의 공격적인 재생에너지 사업 경험을 기반으로 국내에서도 제 3자 PPA(Power Purchase Agreement, 전력구매계약)를 포함한 다양한 방법으로 RE100을 실현하여 가장 환경친화적인 글로벌 비철금속 기업으로 거듭날 계획이다. 또한 재생에너지 사용을 넘어 궁극적인 탄소감축, 순환경제 등의 지속가능경영 강화로 이어질 수 있도록 그룹의 역량을 집중할 계획이다.",https://www.catch.co.kr/Comp/CompSummary/370380,
31,SK텔레콤,"47,200", 400,-0.84%,100,"468,349","218,833","103,289",43.08,11.32,7.97,"1984년 KMTS라는 사명으로 설립된 SK텔레콤은 SK그룹의 계열사로, 세계 최초로 CDMA(2G) 서비스를 시작한 ICT 복합기업이다. 당사는 통신, 미디어, 보안, 커머스, 모빌리티 등 다양한 분야에서 사업을 영위하고 있으며, 특히 국내를 대표하는 통신 기업으로서 2013년 LTE-A 상용화, 2019년 5G 상용화 등 수많은 '세계 최초'의 수식어를 보유하며 이동통신 산업의 발전을 선도하고 있다.

SK텔레콤은 미디어분야에서도 특화된 경쟁력을 보유하고 있다. 2018년에는 AI를 기반으로하는 음악 플랫폼 '플로(FLO)'를 론칭했고, 2019년에는 한국형 통합 OTT 서비스인 '웨이브(wavve)'를 출시하였다. 특히 '웨이브(wavve)'의 경우, ‘검은태양’과 ‘유포리아’, '원더우먼' 등 오리지널 및 독점 콘텐츠를 지속적으로 공개하며 유료가입자의 유입이 꾸준히 증가하고 있다.

또한 2022년 SK텔레콤은 대화형 언어 모델 'A.(에이닷)'을 출시해 인공지능 서비스를 강화하고 있다. 에이닷은 학습형 AI로 대화를 통해 쌓인 데이터를 축적해 성장해나가는 서비스이다. 현재 OTT 영상 추천, 노래 추천, 요금제 확인 등의 기능을 제공하고 있으며, 앞으로 개인의 취향을 반영한 'MY TV', 영어학습 등으로 영역을 확장할 예정이다.",https://www.catch.co.kr/Comp/CompSummary/810185,
32,삼성화재,"212,500"," 3,500",-1.62%,500,"71,867","47,375","100,672",51.54,8.39,9.7,"1952년에 설립된 삼성화재해상보험은 삼성계열사이며 국내에서 가장 규모가 큰 삼성계열의 손해보험사로 손해보험업과 제3보험업을 핵심사업으로 영위하고 있다. 화재, 해상, 자동차, 상해, 배상책임, 장기손해보험, 개인연금 등 다양한 손해보험상품과 퇴직연금상품을 판매 중이며, 중국, 미국, 인도네시아 등지의 해외법인을 통해서도 보험영업을 전개하고 있다. 현재 550여개 지점과 2만여명의 전속 설계사 판매조직을 보유한 전국적인 판매망을 확보하고, 온라인 자동차보험 브랜드인 '애니카다이렉트'는 온라인 직판 채널 내 매출 규모 1위로 성장하고 있다.

삼성화재는 보험영업 외에 기관투자가로서 축적된 자금을 운용하여 국가 기간산업과 일반 기업 활동을 지원하는 투자영업 활동을 통해 수익을 창출하고 있으며, 기업 및 개인고객을 대상으로 대출영업도 한다. 대출 서비스로는 보험계약 대출, 자동차 구입자금대출, 다이렉트 담보대출 등의 상품이 있다.

이외에도 ESG 안전경영을 실현하기 위해 롯데케미칼과 협력하여 공장 안전 진단을 바탕으로 공장 종사자들의 안전성을 높이는데 주력하고 있다. 사업장 및 파트너사의 위험 진단과 사고예방 컨설팅, ESG 안전경영을 위한 지식 역량과 사고예방 노하우 공유, 양사의 세미나 및 사회공헌 사업 행사 협력 및 지원 등을 함께할 예정이며 특히 삼성화재는 롯데케미칼 여수·대산·울산공장의 화재 및 전기 안전과 풍수해·지진 등 자연재해 관련 위험 진단을 진행한다. 이번 협약을 바탕으로 향후 기업들이 각종 사고를 예방할 수 있도록 ESG 안전경영 정착을 지원할 예정이다.",https://www.catch.co.kr/Comp/CompSummary/870056,
33,HMM,"20,300", 150,0.74%,"5,000","1,096,338","489,039","99,275",10.5,0.86,88.62,"1976년에 설립된 HMM은 100여 척의 다양한 선박과 물류시설, 전 세계를 연결하는 항로망, 해운업계를 선도하는 IT시스템, 숙련된 해운 전문인력을 바탕으로 수송 서비스를 제공하는 기업이다. HMM은 60개 이상의 서비스항로로 100개 이상의 항구를 연결하며 컨데이너 화물을 운송하고 1976년 3월 3척의 VLCC로 서비스를 시작한 이래 중동 및 서아프리카에서 극동, 미국, 유럽으로 원유 운송 서비스를 제공하고 있다. 현재 전 세계 7개 본부, 24개 법인, 5개 사무소, 3개 터미널을 보유하여 방대한 글로벌 네트워크를 자랑한다.

2022년 5월 HMM은 국내 해운업계 최초로 온라인 예약 플랫폼 '하이퀏(Hi Quote)'을 선보였다. 앞으로는 이 서비스를 통해 고객 맞춤형 일정을 온라인으로 조회하고 실시간 운임 견적을 확인 후 예약할 수 있다. 당사는 유럽, 동서남아, 남미, 호주 등을 중심으로 서비스를 시작해, 올해 말까지 전 법인으로 확대해 물류정보의 디지털화를 실현할 계획이다.",https://www.catch.co.kr/Comp/CompSummary/720062,
34,삼성에스디에스,"117,300", 400,-0.34%,500,"78,582","77,378","90,764",13.83,8.25,14.23,"삼성SDS는 1985년 삼성의 ICT를 담당하는 회사로 설립되었다. 당사는 생산성을 혁신하는 엔터프라이즈 솔루션 및 4차 산업 혁명을 견인하는 AI, 클라우드, 블록체인 등의 IT기술력을 기반으로 제조, 금융, 물류, 리테일 등 다양한 비즈니스 영역에서 고객사가 가장 혁신적으로 도약할 수 있는 통찰력을 제공하고 있다.

삼성SDS는 특히 제조, 공공, 금융, 리테일, 의료 등 다양한 업종에서 시스템 구축, 운영 및 솔루션 제공 등의 경험을 갖고 있어 IT서비스 시장에서 공고한 시장 지위를 유지하고 있다. 삼성 관계사를 대상으로 다양한 레퍼런스를 확보함으로써 컨설팅, 시스템 통합, 솔루션 제공, 애플리케이션 유지/관리, IT 아웃소싱, IT 인프라 운영/ 관리 등을 아우르는 통합 IT서비스를 제공하고 있다.

당사는 자체 개발한 물류 통합관리 플랫폼 Cello를 바탕으로 모든 물류를 하나의 시스템에서 수행할 수 있도록 하여 물류관리의 복잡성 해소 및 고객사에게 높은 물류 가시성 제공을 목표로 하고 있으며, 물류 서비스 경험과 수행 인프라를 기반으로 향후 관계사 및 대외사업 확대를 통한 성장 동력을 확보하고 있다.",https://www.catch.co.kr/Comp/CompSummary/820717,
35,LG생활건강,"559,000"," 31,000",-5.25%,"5,000","187,550","15,618","87,306",35.65,41.87,4.41,"LG생활건강은 2001년 4월 주식회사 LG화학에서 분할 신설된 기업으로, 핵심 사업은 Beauty(화장품), Home Care & Daily Beauty(생활용품), Refreshment(음료)으로 구분된다. 당사는 주로 궁중 브랜드 '후', 자연발효 브랜드 '숨' 등의 럭셔리 화장품과 '엘라스틴', '페리오', '샤프란' 등의 생활용품, 그리고 '코카콜라', '스프라이트', '몬스터 에너지' 등의 음료를 제조 및 판매하고 있다. 또한 The Avon Company(구, New Avon Company)의 지분 인수와 '피지오겔' 브랜드 사업권 취득 등을 통해 새로운 국가로 사업을 확장하고, 새로운 브랜드를 확보하고 있다. 특히 당사의 생활용품 사업은 회사의 가장 오래된 사업으로 국내 시장에서 굳건한 1위 지위를 차지하고 있다.

LG생활건강은 연구개발에 대한 지속적인 투자를 통해 제품 핵심 기술 확보하는 데 주력하고 있다. 당사의 LG생활건강 연구소는 차별화된 소재 및 제형 기술 개발은 물론 첨단 바이오 융합기술을 확보하여 화장품, 생활용품, 음료의 전 사업 영역에 걸쳐 다양한 제품을 개발하고 신기술을 적용하고 있다. 특히 한방원료, 발효원료, 피부 유전자연구, 친환경소재와 같은 당사의 핵심 기술을 고도화하여 현 사업의 경쟁력을 강화하고 미래성장을 위한 신규 사업영역을 지속적으로 발굴해 나가는 데 집중하고 있다. 최근 2022년 5월에는 일본 홋카이도에 마이크로바이옴 화장품 연구개발 센터를 설립했다. 당사는 인체 등에 존재하는 미생물과 그 유전정보를 의미하는 마이크로바이옴 소재를 다양하게 개발하고, 자연 발효 생산 시스템을 구축해 나갈 계획이다.",https://www.catch.co.kr/Comp/CompSummary/162210,
36,S-Oil,"76,200"," 3,300",-4.15%,"2,500","609,077","112,583","85,788",79.92,4.11,21.76,"1976년에 설립된 S-OIL은 석유제품, 가스, 윤활기유, 화학제품 및 관련 제품의 제조, 판매와 원유 및 상기 각 제품의 수출입업을 영위하고 있는 종합 에너지 회사다. 당사는 2012년 좋은 기름(Good oil)에서 이름을 따서 정유업계 최초로 선보인 캐릭터인 '구도일'을 도입한 이후 소비자들에게 꾸준히 친근한 매력을 어필해오고 있다. 아울러 주요소·충전소 등의 인프라 확충 노력을 지속하고 있다. 최근에는 2021년 초부터 도입해오던 이마트24와 주유소에 최적화된 맞춤형 스마트편의점을 이번 이마트24와의 협업을 통해 확대해나갈 방침이다.

뿐만 아니라 다양한 기업들과의 협업을 통해 서비스도 확대하고 있다. 그간 에쓰오일은 금호타이어(타이어 구매·장착), 워시존(셀프세차), 마지막삼십분(주차대행), 모시러(수행기사), 오토스테이(자동세차), 카앤피플(출장세차), 에쓰오일토탈윤활유(엔진오일) 등과 차례로 제휴하며 주유 고객 대상 특화 서비스 확대에 매진해왔다.

또한 석유화학 제품의 수요가 장기적으로 증가할 것으로 예상되는 가운데 당사는 정유 사업에서의 강점을 최대한 활용하고 2단계 석유화학 투자 프로젝트를 통해 석유화학 사업과의 통합을 추진할 예정이다. 나아가 투자 활동을 통해 사업 포트폴리오를 다변화하고 이익 구조를 더욱 안정화하여 2030년까지 최고의 경쟁력과 창의성을 갖춘 친환경 에너지·화학 기업이라는 비전에 다가갈 계획이다.",https://www.catch.co.kr/Comp/CompSummary/350940,
37,현대중공업,"94,800"," 1,900",-1.96%,"5,000","159,978","88,773","84,157",5.9,-11.85,-14.87,"2019년에 설립된 현대중공업은 한국조선해양의 자회사이며 조선 및 해양플랜트 사업을 영위하는 기업이다. 8개의 대형 건조도크와 10기의 초대형 골리아스 크레인을 비롯한 최신 생산설비, 우수한 인적 자원 및 뛰어난 기술력을 바탕으로, 드릴쉽, LNG선, LPG선등 해양개발 관련 선박 및 가스선은 물론 유조선, 컨테이너선, 살물선, 자동차운반선, 여객·화물겸용선 등 일반상선과 이지스 구축함, 잠수함 등 최신예 함정에 이르기까지 연간 70여척 내외의 다양한 선박을 운영하고 있다.

또한 현대중공업은 업계 최초로 친환경 암모니아 연료공급시스템에 대한 개념설계 기본인증(AIP)을 획득하며 암모니아 추진선을 상용화하고 있다. 자체 개발한 연료공급시스템은 항해 중에 자연 발생하는 암모니아 증발가스를 활용해 배기가스 내 질소산화물을 제거하고 잔여 증발가스는 엔진 연료로 사용하는 고효율 친환경 설비로, 극소량의 암모니아도 외부 유출 없이 완전 차단할 수 있는 이중누출방지 가스처리시스템도 갖추고 있다. 향후 2024~2025년에 암모니아 추진선을 상용화할 수 있을 것으로 예상하고 있다. 이외에도 자율운항선박의 핵심 기술인 항해보조시스템 하이나스(HiNAS)를 세계 최초로 개발했으며, 디지털 트윈 기반의 가상 시운전 솔루션을 개발해 2022년에 열린 시연회에서 솔루션 시운전에 성공했다.

최근 2022년에는 조선 지주사인 한국조선해양과 협력하여 LNG 연료공급 시스템 '하이-이가스'를 개발하여 노르웨이선급과 영국선급으로부터 기본 설계 인증을 획득했다. '하이-이가스'는 LNG 추진선의 연료 공급 과정에서 버려지는 열을 재활용할 수 있어 기존보다 연료 소모량과 탄소 배출량을 각각 1.5%씩 감소시키는 특징을 갖는다. 현대중공업은 고효율 저탄소 선박 기술 개발을 지속하여 탄소중립 달성에 기여하고자 하는 의지를 밝혔다.",https://www.catch.co.kr/Comp/CompSummary/JP5755,
38,대한항공,"22,350", 200,0.90%,"5,000","955,226","368,221","82,297",15.04,4.66,21.95,"1969년에 설립된 대한항공은 한진그룹 계열의 민간항공사로, 여객사업, 화물사업, 항공우주사업을 주요 사업으로 영위하고 있다. 당사는 총 133대의 여객기를 보유하고 있으며, 국내 13개 도시와 해외 35개국 95개 도시에 취항하는 등 여객사업을 전개하고 있다. 또한 화물사업을 통해 해외 27개국 44개 도시에 화물기 23대를 운항하고 있으며, 반도체/자동차/배터리 부품 등의 산업 기반 수요, IT/전자제품, 전자상거래, 의류 등의 소비재 수요, 신선화물, 의약품, 생동물 등의 특수화물까지 해운 대비 긴급·고가 수요를 수송하고 있다. 항공우주사업은 군용기 창정비 및 항공기 성능개량, 민항기 제조와 무인기 개발 및 제조 사업을 수행하고 있으며, 특히 무인기 부문은 사단정찰용 무인기 양산 납품을 완료하였고 후속 신규 모델인 수직이착륙 무인기 개발을 진행하고 있다. 중고도 무인정찰기는 현재 양산 제작을 준비 중에 있다.

대한항공은 2021년 전세계 항공사 최초로 전자 도큐먼트 시스템(e-DOC)을 도입하고, 반려동물 운송 서약서, 건강상태서약서 등 고객들이 직접 종이에 작성하던 문서 23종에 대한 전면 디지털화 적용을 시작했다. 이를 통해 고객 서비스 혁신을 실천하고, ESG 경영 역량 강화 및 고객 편의성 증대를 실현했다.

2022년 당사는 국토교통부의 도심항공교통(UAM) 관련 연구개발 프로젝트에 참여하여 운항통제시스템, 운항사 모의시스템을 개발한다. 더불어 항공 교통 흐름을 총체적으로 관리해주는 '교통관리시스템'과 UAM 생태계를 가상 디지털로 구현한 '디지털 트윈' 구축도 준비 중으로, UAM 산업을 선도하는 기업으로 자리매김할 전망이다.",https://www.catch.co.kr/Comp/CompSummary/990027,
39,엔씨소프트,"372,500"," 8,000",-2.10%,500,"159,557","21,954","81,779",45.15,13.83,12.62,"1997년에 설립된 엔씨소프트는 온라인/모바일 게임 개발기업이다. 당사는 모바일 게임 개발과 서비스를 주요 사업으로 영위하고 있다. PC게임 '리니지'와 '리니지2', '아이온', '블레이드앤소울', 모바일 게임 '리니지M', '리니지2M', '리니지W', '프로야구 H2' 등이 주요 게임이다. 특히 2021년 '리니지W'의 글로벌 사전예약자는 프로모션 시작 15시간 만에 200만명을 넘어섰으며, 이는 MMORPG 장르 중 역대 최단 기록이다.

엔씨소프트는 지난 2000년, 미국 법인의 설립을 시작으로 북미,유럽,일본,대만 등에 글로벌 네트워크를 구축하고 있으며 2015년 글로벌 출시한 ‘세븐나이츠’가 태국, 대만, 홍콩, 인도네시아, 싱가포르 앱스토어에서 최고매출 1위를 동시 석권하는 등의 성과를 바탕으로 글로벌 시장 확대에 주력하고 있다.

엔씨소프트는 최근 비즈니스모델(BM) 다각화를 추진하고 있다. 게임 내 BM 외에도 인공지능(AI)기술을 활용한 수익화 사업을 발굴한다. 또한 금융 AI로 수익화가 가능한 서비스도 본격화한다. 엔씨소프트는 2020년 10월 KB증권 등과 함께 핀테크 기업인 디셈버앤컴퍼니자산운용에 투자해 합작법인(JV) 형태 AI 간편투자 증권사를 출범했으며 당사의 NLP(자연언어처리) 센터가 금융 AI를 개발한다. 엔씨소프트는 주력사업인 게임 BM 보완도 검토하고 있다. 자체 크로스플레이 플랫폼 '퍼플' 시장 기반 확대와 미국지사 사업 기반 강화를 위한 업무에도 투입될 예정이다.",https://www.catch.co.kr/Comp/CompSummary/622850,
40,우리금융지주,"10,950", 150,-1.35%,"5,000","3,073,160","728,061","79,723",40.17,2.54,11.51,"우리금융지주주식회사는 금융 지주회사입니다. 회사의 주요 종속회사에는 우리은행, 우리에프아이에스주식회사, 우리금융경영연구소, 우리신용정보주식회사, 우리프라이빗에퀴티자산운용주식회사 및 우리펀드서비스주식회사 등이 포함됩니다. 우리은행주식회사는 주로 예금, 대출, 펀드, 외환 거래, 지급 보증, 증권 투자, 신탁 투자, 신용카드 서비스를 제공합니다. 우리에프아이에스주식회사는 컴퓨터시스템 설치 및개발, 소프트웨어 개발, 통신장비 공급 및 유지보수 서비스를 제공합니다. 우리금융경영연구소는 경영전략, 금용산업 등에 대한 연구활동을 하고 있습니다. 우리신용정보주식회사는 신용조사 및 채권추심업을 영위하고 있습니다. 우리프라이빗에퀴티자산운용주식회사는 사모투자업 등을 영위하고 있습니다.",https://www.catch.co.kr/Comp/CompSummary/JK6097,
41,카카오페이,"59,600", 700,-1.16%,500,"290,474","133,688","79,678",43.44,-301.01,-2.45,"2017년에 설립된 카카오페이는 전자지급결제대행, 선불전자지급수단 발행 및 관리, 전자상거래 등 금융 지원 서비스업을 영위하는 기업이다. 카카오톡 내에 신용카드나 체크카드를 등록하여 모바일 상에서 간단하게 비밀번호만으로 결제할 수 있도록 하는 모바일 결제 서비스를 운영하고 있다.

출시 이후 6개월여 만에 가입자수 400만을 돌파하였으며, 출시 1년 만에 결제 건수 1,000만 건을 돌파했다. 카카오페이 사용이 가능한 가맹점은 대형 홈쇼핑, 대형 문고, 인터넷 쇼핑몰, 항공사 등을 포함한 270여 개 업체에 이르고 있다. 다양한 제휴사의 포인트 적립 및 쿠폰 사용이 가능하도록 하는 카카오페이 멤버십 기능도 추가되었다.

카카오페이는 기존 사업영역에서 나아가 보험, 증권업을 아우르는 종합금융플랫폼으로 도약하는데 주력하고 있다. 카카오톡, 카카오페이를 통한 간편 가입, 플랫폼을 통한 간편 청구, AI를 활용한 신속한 보험금 지급 심사 등 소비자 편의성 강화를 경쟁력으로 앞세운 상태다.

2022년 카카오페이는 디지털손해보험사 본인가를 획득하며 본격적인 보험사 출범 준비에 돌입했다. 여행자보험, 펫 보험, 휴대전화파손보험 등 미니보험을 중심으로 초기 상품 라인업을 구성할 예정이며 카카오톡·카카오모빌리티·카카오커머스 등 카카오 계열사들의 서비스와 연계된 보험 상품도 고려 중이다.",https://www.catch.co.kr/Comp/CompSummary/IP1707,
42,한화솔루션,"41,600",0,0.00%,"5,000",0,"191,278","79,572",25.82,27.37,8.79,"1974년에 설립된 한화솔루션은 핵심 사업인 케미칼(PE, PVC) 부문의 사업과 태양광 에너지, 고기능성 소재 부문의 사업을 영위하고 있는 에너지·소재 기술 기반 솔루션 기업이다.

한화솔루션은 친환경 성장을 이끌 성장 가능성이 높은 미래 먹거리 사업을 다방면으로 추진하는 가운데 해외 유망 기업에 투자를 통해 신사업 확장에 나서고 있다. 식물성 대체육 기업 '언리미트', 갑각류 배양육 기업 '시옥미트(싱가포르)', 탄소 중립 항공유 기업 '디멘저널에너지', 플라스틱 업사이클링 기술 기업 '노보루프' 등이 대표적인 포트폴리오다.

그 밖에도 차세대 태양광과 그린수소 사업을 비롯해 CCU(이산화탄소 포집), 폐플라스틱 순환경제 등 다양한 신사업을 추진 중이다. 태양광 소재의 연구·개발(R&D) 투자를 확대하고 태양광 모듈과 에너지 저장장치(ESS)를 결합해 판매하는 고부가 가치 사업도 강화할 계획이다. 또한 유럽 시장을 공략하기 위해 프랑스 재생에너지 전문회사를 인수한 후 최근에는 4건의 프랑스 대형 태양광 프로젝트 수주에 성공하는 성과를 기록했다. 나아가 2022년에는 ESG경영 강화를 위해 재활용 폴리에틸렌 사용을 확대하여 자원 순환 효율을 높이고, 2030년까지 자사 제품에 쓰이는 산업용 포장백의 80%를 재활용 폴리에틸렌 포장백으로 전환하여 친환경 경영을 실현할 계획이다.

한화솔루션은 그린수소 사업의 강화를 위해 물을 전기 분해해 수소를 생산하는 수전해 기술 개발, 수소의 저장·유통을 위한 수소 탱크 사업을 확대할 계획이다. 이외에 독일 등 해외에서도 그린 수소 생산을 위한 실증 사업을 진행해 그린 수소 생산 능력을 확보하는 데 집중하고자 한다.",https://www.catch.co.kr/Comp/CompSummary/350257,
43,KT,"29,700", 400,-1.33%,"5,000","663,691","261,112","77,550",42.5,6.14,7.99,"1981년 설립된 KT는 국내 ICT 산업을 선도해온 정보통신기업으로, 설립이래 AI, Big Data, Cloud 등 혁신적인 기술과 서비스를 주도하고 있다. KT는 ICT, 부동산, 미디어 및 컨텐츠, 금융 다양한 분야에서 다수의 그룹사를 보유하고 있으며, 5G 서비스와 글로벌사업을 주요 사업으로 영위하고 있다.

KT는 2015년 'MWC 2015' 5G 비전을 선포하며 세계 최초로 5G 규격을 제정하였고, 2018에는 평창 동계올림픽에서 5G 네트워크 시범 서비스를 성공적으로 선보이기도 하며 2019년, 세계 최초로 5G 상용화에 성공하였다. 또한 미국, 홍콩, 일본, 필리핀, 베트남 등 해외 다수의 국가에 글로벌 네트워크를 구축하였다. 이를 통해 세계 각지에서 통신 네트워크 인프라 구축, 서비스 운영 등의 글로벌 ICT 사업과 글로벌 데이터 서비스, 투자사업 등을 전개하며 당사의 글로벌 기술력을 인정받고 있다.

KT는 통신기술 고도화로 인해 폐기되는 전화국을 활용해 호텔, 사무실 등으로 리모델링하는 부동산 사업도 전개 중이다. 리모델링된 건물에 인공지능(AI), 사물인터넷(IoT) 기술 등을 적용해 상용화 전 테스트베드로 활용했다. 또한 온라인 자사몰 구축 지원 기업인 카페24와 함께 쇼핑몰 인프라 확대를 위한 MOU를 체결하여 소상공인의 디지털 전환 업무도 수행할 예정이다.",https://www.catch.co.kr/Comp/CompSummary/810193,
44,크래프톤,"156,100"," 1,900",-1.20%,100,"140,276","49,237","76,859",29.71,15.31,10.29,"크래프톤은 2007년 설립된 배틀그라운드, 테라 등으로 유명한 게임 개발 전문 회사이다. 국내 MMORPG 최초로 글로벌 시장에서 인정받은 '테라'와 전세계 200개국 이상에서 서비스되고 있는 '배틀그라운드'를 바탕으로 게임 개발 및 퍼블리싱 사업을 진행하고 있다.
고객: 전세계, B2C
경쟁사: 엔씨소프트, 넷마블, 넥슨코리아",https://www.catch.co.kr/Comp/CompSummary/E10348,
45,기업은행,"9,600", 40,-0.41%,"5,000","1,163,734","797,426","76,553",13.62,2.76,9.85,"1961년 설립된 중소기업은행은 중소기업자에 대한 효율적인 신용제도를 확립함으로써 중소기업자의 자주적인 경제 활동을 원활하게 하고, 그 경제적 지위의 향상을 도모하기 위한 목적으로 설립되었다. 정식 명칭은 '중소기업은행'이지만 설립 초창기부터 '중소'를 생략한 '기업은행'을 상호로 내새웠으며 2000년대부터는 Industrial Bank of Korea의 이니셜을 붙인 'IBK기업은행'이라는 이름으로 영업을 하고 있다.

상품으로는 예금(급여통장, 나라사라통장 등), 자동화기기(ATM, 디지털 뱅킹 존), 카드상품(신용카드, 체크카드), 애플리케이션, 해외송금 이렇게 크게 5가지로 나눌 수 있으며 이를 바탕으로 다양한 서비스를 제공하고 있다.

더불어 최근에는 해외사업 확장에도 힘쓰고 있다. 올해 사우디 중소기업은행과 해당 기관 설립 지원을 위한 업무협약을 체결하기도 했다. 이번 협약으로 기업은행은 사우디 중소기업은행 설립에 필요한 경영전략 등 주요 업무분야에 대한 노하우를 전수하고 공동개발에 협력할 예정이다.",https://www.catch.co.kr/Comp/CompSummary/822167,
46,롯데케미칼,"176,000"," 1,200",0.69%,"5,000","78,112","42,775","75,285",24.29,28.78,9.87,"1976년 설립된 롯데케미칼은 국내를 대표하는 화학기업으로, 합성수지, 화성제품, 메가트렌드 제품 등 다양한 제품군을 보유하고 있다. 당사는 여수, 대산, 울산 등 국내의 주요한 석유화학단지에 대규모 생산시설을 보유하고 있으며, 말레이시아의 타이탄케미칼사 인수와 미국 에탄크래커 공장 준공 등, 해외 생산기지 다변화에도 주력하며 국내시장을 넘어 해외시장에서의 글로벌 경쟁력 강화를 위해 다방면으로 노력하고 있다.

롯데케미칼이 생산하는 제품의 종류로는 NCC 및 ECC, 수지제품, 화성제품, 기초유분제품, 첨단소재제품, 건축 및 인테리어 소재, 메가트렌드 등이 있으며, 이와 더불어 친환경 제품의 개발에도 주력하고 있다. 최근 2022년에는 석유화학 사업 매출 비중을 줄이고, 친환경 사업을 집중 육성하여 2030년까지 총 매출 50조원을 달성하겠다고 밝혔다. 특히, 수소에너지, 배터리 소재, 리사이클/바이오 플라스틱의 성장성에 주목하여 미래사업 강화를 위한 투자로 산업경쟁력을 높일 계획이다.",https://www.catch.co.kr/Comp/CompSummary/350265,
47,하이브,"176,500"," 3,000",1.73%,500,"233,985","41,353","72,989",14.9,26.68,6.83,"2005년에 설립된 하이브는 글로벌 엔터테인먼트 콘텐츠 기업으로서 글로벌 아티스트를 육성하고, 음악 기반 라이프스타일 콘텐츠를 제작 및 서비스하고 있다. 하이브는 1990년대 설립된 경쟁사 SM·YG·JYP 등이 3강 체제를 구축한 이후 후발주자로 시작했지만 방탄소년단의 성공에 힘입어 국내외 음악 산업 판도를 바꿔놨다. 새로운 기업 정체성에 맞춰 조직 구조는 레이블ㆍ솔루션ㆍ플랫폼 세 축으로 나눴다.

레이블 부문은 아티스트 양성, 음악 콘텐츠 제작을 담당하며 솔루션 부문은 공연, 게임, 영상 등 서비스를 제공한다. 플랫폼 부문의 위버스컴퍼니는 각각의 콘텐트와 서비스를 연결하고 확장하는 역할을 맡는다. 하이브의 판매 전략은 음악 산업 value chain의 통합 및 고도화, 스토리텔링 마케팅 전략, 플랫폼 확대 전략이 있다. 이후 빅히트의 팬 커뮤니티 플랫폼 위버스는 네이버 브이라이브와 통합해 더욱 강력한 K팝 플랫폼으로 발전시킬 계획이다.",https://www.catch.co.kr/Comp/CompSummary/386503,
48,메리츠금융지주,"41,750", 850,2.08%,500,"561,567","174,245","72,747",12.7,5.12,30.32,"2011년에 설립된 메리츠금융지주는 주식의 소유를 통하여 금융업을 영위하는 회사 또는 금융업의 영위와 밀접한 관련이 있는 회사를 지배하는 것을 주된 사업으로 하는 회사이다. 당사는 사업목표의 부여 및 사업계획의 승인, 경영성과의 평가 및 보상의 결정, 경영지배구조의 결정, 업무와 재산상태의 검사, 내부통제 및 위험관리 업무 등 자회사에 대한 경영관리 업무와 자회사 출자 또는 자회사 등에 대한 자금지원 및 자금지원을 위한 자금조달 등 경영관리에 부수하는 업무만을 영위한다. 주요 사업부문으로는 손해보험업, 금융투자업, 여신전문금융업으로 구분되고 있다.

메리츠금융지주는 최초 보험업(메리츠화재)을 중심으로 지주회사 체제를 구축하였으며, 금융투자업(메리츠증권) 사업 확대 및 여전업(메리츠캐피탈) 진출 등으로 사업 포트폴리오가 다각화되었다. 당사는 향후에도 고객 관점에서 더욱 좋고 편리한 상품과 서비스를 공급하는 등 메리츠금융그룹은 고객 집중을 통해 서비스 경쟁력을 확보하고 선제적인 위기 대응체제 구축을 통한 건전성 강화를 통해 업계 최고 수준의 수익 달성을 위해 지속적으로 노력할 예정이다.",https://www.catch.co.kr/Comp/CompSummary/H32376,
49,아모레퍼시픽,"124,200"," 2,000",-1.58%,500,"233,012","58,493","72,648",25.18,63.79,2.81,"아모레퍼시픽은 2006년, 아모레퍼시픽그룹의 인적분할을 통하여 지주회사 체제로 새롭게 출범하였다. 당사는 화장품의 제조 및 판매를 주요 사업으로 영위하고 있는 글로벌 화장품 전문기업으로, 국내 화장품 업계의 1, 2위를 앞다투고 있다. 2008년에는 전세계 화장품업계 최초로 쿠션 유형의 파운데이션 제품인 '아이오페 에어쿠션'을 출시하며 쿠션 화장품 열풍을 선도하기도 하였다.

아모레퍼시픽은 화장품, 향수, 메디컬뷰티, 뷰티 디바이스, 헤어케어, 바디케어 등 다양한 분야에서 다수의 브랜드를 보유하고있다. 대표적인 화장품 브랜드로는 '아이오페', '설화수', '라네즈', '마몽드', '에스쁘아' 등이 있다. 또한 당사는 다수의 '세계최초' 타이틀을 보유하고 있다. 2020년에는 세계 최초로 피부에 유해한 블루라이트 차단 임상 평가법을 개발하였으며, 2021년에는 외부 환경의 변화에도 안정적인 피부 상태 측정이 가능한 '초박막 웨어러블 피부 측정 기기'를 개발한 바 있다.

북미 시장에서 당사의 2022년 1분기 매출이 젼년도에 비해 60% 이상 증가하면서 눈에 띄는 성장을 이루었다. 특히 설화수와 라네즈가 실적을 견인했다. 설화수는 어머니의 날을 겨냥해 자음생크림을 리뉴얼하여 출시했고, 라네즈는 방탄소년단의 미국 콘서트에 스폰서로 참여해 현지에서의 인지도를 높였다. 또한 아모레퍼시픽은 세포라를 중심으로 오프라인 유통망을 늘리고 이커머스 채널도 확장해 자사 제품의 디지털 경쟁력을 향상시켰다. 이니스프리의 경우도 세포라 중심의 MBS(Multi Brand Shop) 채널 볼륨 확대에 주력하여 전년도에 비해 매출이 40% 이상 성장하는 결과를 보였다.",https://www.catch.co.kr/Comp/CompSummary/387586,
50,LG이노텍,"253,000"," 1,000",0.40%,"5,000","178,571","23,667","59,878",21.97,6.11,25.85,"1970년 8월 설립된 LG이노텍은 국내 최초의 종합 전자부품기업으로, 국내외 사업장에서 모바일, 디스플레이, 반도체, 자동차, IoT 등 다양한 산업 분야에서 사용되는 핵심소재 및 부품의 개발 및 생산 사업을 영위하고 있다. 당사의 사업영역은 광학솔루션, 기판소재, 전장부품, 전자부품 등으로 세분화되며, 특히 스마트폰용 카메라모듈, 디스플레이용 서브스트레이트, 포토마스크, 통신용 반도체 기판 등의 제품 카테고리에서 특화된 경쟁력을 보유하고 있다.

또한 당사는 국내를 넘어서 해외 14개국에 사업장을 구축하고 있으며, 글로벌 고객사에 당사의 제품을 공급하며 글로벌 소재·부품기업으로 자리매김하고 있다. 최근에는 자석 전문 기업인 성림첨단산업과 협력하여 세계 최고 수준의 자석 세기를 자랑하는 '친환경 마그넷'을 개발하기도 하였다.

2022년 LG이노텍은 대표 사업인 카메라 모듈과 고성능 반도체용기판 생산을 확대하기 위해 경상북도 구미 공장에 1조 4000억원의 투자를 진행한다. 투자를 통해 카메라 모듈 제조시설을 확장하고 새로운 미래 먹거리로 삼은 플립칩 볼그리드어레이(FCBGA)의 생산시설도 새로 구축할 예정이다.",https://www.catch.co.kr/Comp/CompSummary/380687,
51,삼성엔지니어링,"29,500", 700,-2.32%,"5,000","1,986,178","196,000","57,820",44.32,8.7,28.32,"1970년 설립된 삼성엔지니어링은 타당성 검토에서부터 파이낸싱, 설계, 구매, 시공, 시운전, O&M에 이르는 플랜트 전 분야의 종합 솔루션을 제공하는 글로벌 EPC(설계, 구매, 시공) 전문기업이다. 사업부문은 엔지니어링 업무 성격에 따라 화공과 비화공으로 구분하고 있다. 화공부문은 오일&가스 프로세싱, 정유, 석유화학, 그린솔루션 사업으로 구성되어 있으며, 비화공 부문은 산업설비, 환경, 바이오, 발전 사업으로 구성되어 있다. 당사의 주요 고객으로는 Saudi Aramco, ADNOC 등 국영 석유회사들과 삼성전자(주), 삼성디스플레이(주) 등 관계사들이 있다.

2021년 삼성엔지니어링은 인도네시아 최대규모 석유화학 플랜트에 대한 FEED(기본설계) 업무를 수주했다. 당사는 해당 사업의 기본설계와 EPC 예산 산출업무를 성공적으로 수행해 2022년 EPC 수주 경쟁에서 우위를 점할 계획이다. 또한 당사는 2022년 5월 새롭게 미국 텍사스주에 LNG액화 플랜트 설계 업무 수주에 성공했다. 삼성엔지니어링은 이번 계약으로 기존 FEED 업데이트 및 설계·조달·시공(EPC) 예산 산출 업무를 수행할 예정이며, 내년 EPC 수주 계약을 위한 발판을 마련할 계획이다.

이외에도 삼성엔지니어링은 산업통상자원부 산하 에너지기술평가원 지정 공모 국책과제인 '암모니아 기반 청정 수소 생산 파일럿 플랜트 실증화' 사업에 참여하여 암모니아 분해 수소 추출 기술을 개발하고 관련 인프라를 확보할 예정이다. 당사는 전세계 수많은 중대형 암모니아 프로젝트 수행 경험에서 얻은 기술과 노하우를 바탕으로 국책과제를 성공적으로 수행해 청정암모니아와 청정수소 분양의 선두기업으로 거듭날 방침이다.",https://www.catch.co.kr/Comp/CompSummary/820040,
52,현대글로비스,"151,500", 600,0.40%,500,"88,833","37,500","56,812",46.14,5.23,14.41,"2001년에 설립된 현대글로비스는 현대자동차 계열사이며 종합물류업과 유통판매업, 해운업을 영위하는 기업이다. 자동차 물류를 중심으로 철강, 기계, 중공업, 화학, 에너지, 건설, 소비재에 이르기까지 다양한 산업 영역으로 물류 사업을 확대하고 있다. 현대·기아차를 비롯한 GM, 포드, 폭스바겐 등 글로벌 자동차 브랜드의 완성차 해상운송은 물론, 석탄, 철광석, 원유를 포함한 벌크선 해운 사업을 전개하고 있다. 또한 현대글로비스가 수행하고 있는 KD사업은 자동차 반조립 제품 유통의 최적화를 통해 글로벌 자동차 생산체제 운영을 적극적으로 지원하고 있다.

최근 2022년에는 태국 방콕에 현지 자동차 부품 제조사 및 물류사와 합작 현지법인을 설립해 태국 내 식품, 유통 기업과 협력을 강화하고 자동차 산업 공급망 구축과 제3자물류 사업 진출을 계획했다. 또한 ESG경영의 일환으로 2022년부터 현지에 연간 150대, 총 750대의 전기트럭을 투입할 예정이다. 당사는 이번 태국 법인 설립을 발판으로 아세안 시장 공략에도 박차를 가할 예정이다.",https://www.catch.co.kr/Comp/CompSummary/163890,
53,KODEX 200,"31,220", 115,-0.37%,0,"5,609,426","177,200","55,322",3.99,N/A,N/A,,,
54,DB손해보험,"73,900"," 1,300",-1.73%,500,"161,123","70,800","52,321",43.62,5.31,13.38,"DB손해보험은 국내를 대표하는 종합손해보험회사로, 1962년 대한민국 최초의 자동차 보험 공영사로 설립되었다. 1983년 DB그룹에 편입되었으며, 2017년 현재의 DB손해보험으로 사명을 변경하였다. 당사는 손해보험업계 이익률 1위와 보험영업효율 업계 1위를 기록하고 있으며, 자동차, 운전자, 실손, 치아, 건강, 종합 등 다양한 종류의 보험상품 판매 및 대출사업 등을 함께 영위하고 있다.

주요 보험 상품으로는 '참좋은행복더블플러스 종합보험', '프로미카 다이렉트자동차보험' 등이 있으며, 대출 사업 부문에서는 보험계약대출, 신용대출, 담보대출을 제공하고 있다. 또한 DB손해보험은 IT 환경 변화에 따른 지속적인 디지털 혁신으로, 수많은 '최초'의 타이틀을 보유하고 있다. 2018년에는 손해보험 업계 최초로 카카오페이인증 로그인 서비스를 오픈하였으며, 2020년에는 스마트폰 기반의 보상 콜 시스템 'DB C-system'을 공개하며 고객만족도 제고 및 업무효율성의 개선을 위한 다양한 노력을 기울이고 있다.",https://www.catch.co.kr/Comp/CompSummary/870099,
55,오리온,"132,300", 200,0.15%,500,"111,300","39,536","52,306",40.52,17.24,12.75,"오리온은 음식료품의 제조, 가공 및 판매 기업이다. 국내에서는 초코파이, 포카칩 등으로 유명하며, 해외에서도 중국 시장을 중심으로 크게 성장하고 있다. 국내 제과 회사 중 수출 성적이 가장 좋으며 해외 매출 비중 1위는 중국으로 45%를 유지하고 있다. 중국 공장은 5개, 베트남과 러시아에 각각 2개씩 공장을 운영하고 있다.

또한 오리온은 2019년부터 베트남에 마이구미를 수출한데 이어 현지에서 직접 생산을 시작했다. 마이구미의 현지명인 ‘붐 젤리’는 입에서 붐(BOOM)하고 터지는 새콤달콤 즐거운 맛’이라는 의미를 담았다. 현지 생산으로 베트남 젤리 시장을 본격적으로 공략하고 젤리 카테고리를 파이와 스낵을 잇는 신성장동력으로 키워나갈 것이라고 밝혔다.

2022년에는 카카오엔터프라이즈와 물류 시스템 공동 구축을 위한 업무협약을 체결했다. 오리온은 카카오엔터프라이즈의 물류 플랫폼 'Kakao i Laas'를 활용하여 오리온의 물류 시스템을 개선할 계획이다. 오리온은 인공지능 챗봇 서비스와 시장과 고객의 의견을 수집 및 분석하여 고객 경험 관리 활동을 할 수 있는 서비스를 통해 물류 효율성을 높일 수 있을 것으로 기대하고 있다.",https://www.catch.co.kr/Comp/CompSummary/IQ7228,
56,한국조선해양,"72,300"," 1,400",-1.90%,"5,000","187,180","70,773","51,169",20.74,-7.99,-8.95,"1973년에 설립된 한국조선해양은 현대중공업그룹의 중간지주로 현대중공업, 현대에너지솔루션 등의 종속기업을 지배함과 동시에 미래기술사업 등을 영위하고 있다. 특히 조선부문에서 선도적인 지위를 유지하고 있다. 당사는 2020년 세계 최초로 상업용 액화수소운반선에 대한 선급 기본인증을 획득했다. 2022년에는 정부 연구개발 사업을 통해 고부가·친환경 LNG 선박 분야 핵심 기자재의 국제표준 선점을 위한 연구중에 있으며 최근 'LNG 재액화기성능평가 시험방법'을 국제표준화기구에 제안하여 신규작업표준안으로 채택되는 성과를 냈다.

한국조선해양은 2021년 포스코, 선박해양플랜트연구소(KRISO), 하이리움산업 등과 함께 ‘선박용 액화수소 연료탱크 공동 개발’에 대한 업무협약(MOU)을 체결했다. 현재 소형 선박용 액화수소 연료탱크를 시범 제작했으며 향후 테스트를 거쳐 대형 선박용으로 발전시키고자 한다. 2022년에는 친환경·에너지 등 미래 기술 분야의 스타트업 육성하기 위해 한국무역협회와 손을 잡아 스타트업 공개모집을 시행했다. 이번 모집을 통해 성장성있는 스타트업과 신사업 협력의 기회를 찾고 최첨단 기술 혁신 기업으로 거듭나고자 한다.",https://www.catch.co.kr/Comp/CompSummary/382892,
57,SK스퀘어,"36,000", 350,0.98%,100,"331,872","141,468","50,928",42.26,19.61,1.55,에스케이스퀘어주식회사는 주로 투자사업을 영위하는 한국 기반 회사입니다. 회사는 포트폴리오 매니지먼트사업을 영위합니다. 회사는 반도체 및 정보통신기술 분야에 투자하며 에스케이하이닉스를 자회사로 두고 있습니다.,,
58,SK바이오사이언스,"66,200"," 2,100",-3.07%,500,"348,925","76,784","50,831",3.73,18.21,38.08,"SK바이오사이언스는 2018년 SK케미칼의 백신 사업(VAX사업) 부문을 물적분할해 설립된 기업다. 자사 파이프라인을 활용한 R&D 연구개발부터, 자체 개발 백신 사업(기초연구, 생산, 산업화 등 일체), 유통 및 판매 사업, 위탁생산(CMO)·위탁개발생산(CDMO) 사업을 영위하고 있다. 주요 상품으로는 매출의 63.7%를 차지하는 독감 예방용 인플루엔자 백신 '스카이셀플루4가'가 있으며, 그 밖에 대상포진 백신 스카이조스터 판매와 폐렴구균, 로타바이러스, 자궁경부암 백신도 임상시험 중이다. 2020년도에 아스트라제네카 및 노바백스와 코로나19 백신 CMO·CDMO 계약을 체결했고, 노바백스 백신의 국내 공급을 위한 기술이전 계약을 맺었다.

2022년 SK바이오사이언스는 자체 개발한 수두 백신 '스카이바리셀라'를 중남미 국가에 본격적으로 진출시켰다. 스카이바리셀라는 수두 백신 중에서 두 번째로 WHO의 사전적격성평가 인증을 받은 백신으로 만 12개월~12세 소아에서 면역원성과 유효성이 입증되었다. 2021년에 이미 터키에 150만명 분의 백신을 공급했고 최근에는 칠레와 멕시코 등에서 각 국가별 보건당국의 품목허가도 진행 중에 있다. SK바이오사이언스는 스카이바리셀라 외에도 차세대 폐렴구균 백신, 코로나 백신 등 다양한 영역으로 사업 분야를 확장하고, 국산 백신이 국제조달시장에서의 영역을 넓히는 데 지속적으로 기여할 계획이다.",https://www.catch.co.kr/Comp/CompSummary/JE3749,
59,맥쿼리인프라,"12,540", 60,0.48%,0,"491,455","404,846","50,768",14.02,N/A,N/A,"2002년에 설립된 맥쿼리한국인프라투융자회사(MKIF)는 국내 민간 인프라펀드회사로 세계 최대 인프라 자산운용사인 맥쿼리자산운용그룹이 운용하는 사회간접투자자본펀드다. 당사는 유료도로, 교량, 터널과 같은 인프라 자산의 시행(신설, 증설, 개량 또는 운영)을 목적으로 하는 법인의 주식, 지분, 채권 및 대출채권 등에 투자하고 있으며, 이를 통해 수익을 창출하고 동 수익을 MKIF 주주에게 분배하는 것을 목적으로 하고 있다.

MKIF는 2021년 12월 기준 인천국제공항고속도로와 우면산 터널, 서울춘천고속도로, 인천대교 등 국내 16개의 인프라자산에 투자하고 있다. 나아가 친환경 에너지 공급이라는 신성장동력을 강력히 추진해 도시가스사업 진출을 이룬 바 있다. 2021년 12월에는 서울 동북선 도시철도 사업시행자인 동북선도시철도(주)에 총 219억원을 투자하며 7년만에 국내 철도사업 투자에 나서 주목을 받고 있다. 또한 당사는 향후 추가투자 및 대출을 집행할 예정이라고 밝혔다.",https://www.catch.co.kr/Comp/CompSummary/372710,
60,LG디스플레이,"14,170", 80,0.57%,"5,000","945,641","357,816","50,702",19.24,-1.65,-26.71,"LG디스플레이는 1987년 TFT-LCD 개발을 시작으로 OLED, IPS 등의 차별화 기술을 통해, 혁신적인 디스플레이 및 관련 제품을 생산판매하는 글로벌 디스플레이 회사이다. 또한 TV, Mobile, IT 및 Auto, Commercial 용 디스플레이 제품 등 다양한 디스플레이 제품군에서 Cinematic Sound OLED, 8K OLED, Flexible OLED 등 혁신적인 신기술을 지속적으로 개발하고 있다. 국내뿐만 아니라 중국과 유럽, 북미 등 주요 시장을 보다 밀착 공략하기 위해 세계 곳곳에 생산 거점 및 판매 법인과 지사를 설립하여 운영하고 있다.

최근 당사는 ‘2021 대한민국 산업기술 R&D대전 기술대상 시상식’에서 세계 최초로 개발한 자동차용 플라스틱유기발광다이오드(POLED) 제품으로 대통령상을 수상했다. LG디스플레이는 자동차용 디스플레이 시장이 향후 연평균 10% 성장할 것으로 예상되는 만큼, 독자적인 POLED 기술을 앞세워 모바일 및 자동차용 등 다양한 제품 영역에서 차별화된 가치 제공을 통해 고객사를 확대할 계획이다.",https://www.catch.co.kr/Comp/CompSummary/384267,
61,F&F,"129,900"," 2,400",-1.81%,100,"172,965","38,307","49,761",12.85,12.29,N/A,"F&F는 1992년 패션 사업에 진출해 시대가 원하는 새로운 라이프스타일과 문화를 만들고 세상을 변화시켜왔습니다. 지난 30년간 축적해 온 패션사업 경험을 기반으로 MLB, MLB KIDS, DISCOVERY 등의 브랜드를 운영해 지속적으로 성장시키고 있으며, 디지털 역량을 강화하며 글로벌 패션사업에서 새로운 가치를 창출하고 있습니다.",https://www.catch.co.kr/Comp/CompSummary/NZ2988,
62,넷마블,"57,100", 800,1.42%,100,"182,870","85,954","49,079",22.36,-16.44,4.29,"2011년에 설립된 넷마블은 유선 온라인 게임 소프트웨어 개발 및 공급업을 영위하는 기업이다. 게임의 주요 라인업으로는 '모두의마블', '스톤에이지 월드' ,'세븐나이츠', '몬스터길들이기' 등이 있다. MMORPG부터 캐쥬얼 장르까지 다양한 라인업을 갖추었으며, 구글플레이, 애플 앱스토어 등 마켓에서 높은 순위를 보이는 게임을 다수 보유하고 있다. 마블 IP 최초의 모바일 오픈월드 액션 RPG <마블 퓨처 레볼루션>은 사전 다운로드만으로 한국과 미국, 일본 등 글로벌 78개국 앱스토어에서 인기 순위 1위를 달성했다.

또한 넷마블은 2022녀 상반기에 '세븐나이츠 레볼루션'과 'BTS드림 타이니탄 하우스'를 국내와 글로벌 시장에 선보여 게임 유저들을 공략할 예정이다. 그리고 스튜디오드래곤과 지식재산권(IP) 공동 개발을 위한 업무협약(MOU)을 체결하여 IP 초기 기획 단계부터 세계관, 시나리오 등을 공동 개발해 각각 게임과 드라마로 제작할 계획이다. 최근에는 메타버스 플랫폼 '게더타운'을 통해 게임콘서트를 개최하며 게임과 모든 산업을 연계한 최신 정보를 제공하고 전문가들의 게임산업 트렌드와 비전을 공유했다.",https://www.catch.co.kr/Comp/CompSummary/H79411,
63,한화에어로스페이스,"95,800"," 3,500",-3.52%,"5,000","790,930","50,630","48,504",29.78,26.23,9.21,"1977년에 설립된 한화에어로스페이스는 가스터빈 엔진 창정비 사업을 시작으로 방위사부문 등 주요 사업을 영위하고 있는 기업이다. 당사는 한화그룹에서 항공우주사업 중간 지주사 역할을 하는 회사로 한화시스템과 한화디펜스, 한화테크윈, 한화파워시스템, 한화정밀기계 등을 자회사로 두고 있다. 2019년 미국의 도심항공교통(UAM) 에어택시 개발업체 오버에어 지분투자로 우주 및 모빌리티 사업에 대한 공격적인 투자를 본격화했다. 또한 우주사업 강화를 위해 2021년에는 인공위성개발업체 쎄트렉아이를 인수하며 위성 제조 및 영상분야까지 우주사업 영역을 확장할 계획이다.

한화에어로스페이스는 항공기 엔진 분야에서 독보적인 역량을 가지고 있다. F-15K 전투기, T-50 고등훈련기 등 대한민국 공군의 주력 항공기 엔진뿐만 아니라 해군용 함정에 들어가는 LM2500 등의 가스터빈 엔진도 생산해 납품하고 있다. 더 나아가 한국형 헬리콥터 개발사업(KHP)에도 참여하여 한국형 헬기 ‘수리온’의 국산화 엔진을 생산하고 있다. 한국형 차세대 전투기(KFX)의 엔진과 주요 항공 구성품 착륙장치 등의 사업과 항공기 구동, 유압, 연료 분야의 부품의 사업도 수행하고 있다.

한화에어로스페이스는 2021년 한국항공우주연구원 등 6개 정부출연 연구소와 ‘우주 현지자원활용(ISRU)’ 업무협약을 체결하며 행성에서 현지자원으로 산소와 물 등 물자를 생산하는 기술 개발에 나선다. 이번 업무협약을 바탕으로 한화에어로스페이스와 정부출연 연구소는 탐사프로그램 참여 협력과 자원 추출 시연 탑재체 개발, 현지자원활용 플랜트 구축 등에 나선다. 당사는 달 자원 추출을 위한 기술개발 기획과제를 우선 진행하고 있으며, 현지자원활용 개발을 위한 중장기 로드맵 및 구체적 시행 계획을 추진하고 있다.",https://www.catch.co.kr/Comp/CompSummary/380784,
64,TIGER CD금리투자KIS(합성),"52,065", 10,0.02%,0,"133,922","92,094","47,949",0,N/A,N/A,,,
65,LG유플러스,"10,820", 30,-0.28%,"5,000","743,016","436,611","47,241",38.67,7.12,8.37,"1996년 설립된 LG유플러스는 LG그룹의 계열사로, 이동통신사업, 초고속 인터넷, 데이터 음성통화, IPTV서비스 등의 사업을 영위하고 있는 통신업체이다. 당사는 앞서가는 통신서비스를 제공하며 2012년 세계 최초로 LTE전국망 구축에 성공하였고, 경기도 안양시 소재의 'LG U+ 평촌 메가센터'는 국내 IDC 최초로 Uptime Tier III 인증을 취득하는 등 다수의 '최초' 타이틀을 보유하며 높은 서비스 품질과 안정성을 인정받고 있다.

LG유플러스의 사업부문은 모바일, 홈, 기업 세가지로 세분화된다. 모바일 부문의 주요 서비스로는 다양한 요금제를 제공하는 '모바일 요금제', 선택약정할인 및 공시 지원금 할인 등의 '휴대폰 구매 지원 프로그램', 데이터, 영상, 음악 등의 다양한 콘텐츠를 제공하는 '부가서비스' 등이 있다. 홈 부문에서는 국내 최초의 맞춤 교육 서비스인 'U+ 아이들나라'와 넷플릭스, 유튜브 등과 같은 글로벌 IT 기업과의 제휴를 통한 영상 스트리밍 서비스를 제공하고 있으며, 기업 부문에서는 5G 서비스, 시설 및 보안관리 등의 서비스 제공을 통하여 다양한 기업고객의 사업경쟁력 향상에 기여하고 있다.

2021년에는 디즈니가 선보인 OTT 서비스 '디즈니플러스'와 제휴를 공식화했으며, 이미 제휴를 맺고 있는 '넷플릭스', '유튜브' 등에 이어 IPTV 시장에서의 경쟁력 강화에도 주력하고 있다. 그리고 2022년 4월에는 세계 최초로 양자컴퓨터의 해킹 공격을 방어할 수 있는 양자내성암호 전용회선 서비스인 'U+ 양자내성암호 전용회선'을 출시했다. 당사는 개발한 보안 네트워크 서비스를 금융기관, 공공기관, 연구소 등에도 제공할 예정이다.",https://www.catch.co.kr/Comp/CompSummary/064847,
66,CJ제일제당,"308,000"," 1,000",-0.32%,"5,000","34,196","15,054","46,367",24.06,7.57,10.76,"CJ제일제당은 1953년 제일제당공업주식회사로 출범한 이래 약 70여 년 동안 소재식품에서 가공식품으로 사업영역을 넓히며 우리나라 식품산업의 발전을 이끌어 왔다. 당사는 2007년 9월 CJ 주식회사에서 기업 분할되어 식품과 바이오 사업에 집중하는 사업회사로 새롭게 출발하였으며 현재 국내 1위 식품회사의 위치를 공고히 하고 있다.

주요 사업의 내용은 설탕, 밀가루, 식용유, 조미료, 장류, 육가공식품, 신선식품, 쌀가공식품, 냉동식품, HMR 등을 생산·판매하는 식품사업, 아미노산 등의 생산·판매 및 사료·축산사업을 영위하는 바이오사업, 국내외 물류사업·컨테이너사업·택배사업·건설사업등을 주된 사업부문으로 하는 물류사업 등이다. 특히 식품 사업부문은 ‘백설’, ‘해찬들’, ‘다시다’, ‘햇반’, ‘쁘띠첼’ 등 강력한 프리미엄 브랜드파워를 바탕으로 지속적으로 성장하고 있다. 또한, ‘비비고(bibigo)’ 를 글로벌 통합브랜드로 육성하여 한식의 세계화를 선도하고 있다. 바이오 사업부문은 2017년 현재 라이신, 트립토판, 발린, 발효 핵산의 글로벌 시장점유율 1위를 확보하였으며, 세계 최초 BIO 공법 L-Met 개발, 다양한 식용 아미노산 생산/판매 등 Nutrition영역에서 빠르게 사업을 확대해 가고 있다.

당사는 지속가능한 환경의 공유가치 창출을 중점 목표로 정하여 원재료 조달부터 제품개발, 생산, 판매 등 모든 과정에서 소비자의 건강과 안전을 최우선으로 하는 프로세스를 구축하고, 플라스틱 순환 체계 수립, 탄소 배출량 감축, 식품 폐기물 저감 등을 통해 지속가능한 환경경영 체계를 갖출 예정이다. 그 일환으로 2022년 4월 충북 진천 CJ블로썸캠퍼스에 LNG(천연가스) 대신 목재 연료를 사용해 스팀 에너지를 생산하는 에너지 공급시설 구축 사업에 들어갔다. 해당 시설이 본격적으로 가동되면 국내사업장에서 배출되는 온실가스의 약 10%를 감축할 수 있을 것으로 기대된다.",https://www.catch.co.kr/Comp/CompSummary/494292,
67,SK바이오팜,"59,000", 500,-0.84%,500,"86,008","78,313","46,205",6.26,-33.15,-36.66,"2011년에 설립된 SK바이오팜은 신약개발 및 판매 사업을 영위하는 기업이다. 미국 FDA로부터 신약 후보 물질의 임상시험 승인을 받은 것을 시작으로 본격적으로 중추신경계 질환 치료를 위한 합성 신약 개발에 집중하여 국내 제약사 가운데 최초로 뇌전증 신약 후보물질의 발굴부터 글로벌 임상 시험, FDA 신약 판매 허가를 획득하기 까지의 전 과정을 독자적으로 진행했다. 또한 뇌전증 신약 후보물질의 유럽 상업화를 위한 5억 달러 규모 기술 수출 계약을 성사시키고, 수면장애 분야 1위 기업에 기술수출 및 FDA와 EMA 승인 획득이라는 연구실적을 이루어 냈다. 이외에도 뇌질환 치료제 개발 과정 중에 축적된 연구 역량을 바탕으로 뇌종양 및 뇌 전이암 치료제 개발을 위한 연구를 시작했다.

현재 SK바이오팜은 글로벌 종합제약사로서의 경쟁력을 갖추기 위해 현재 한국과 미국, 중국에 법인을 두고 운영하고 있다. 경기도 판교 테크노밸리의 생명과학연구원에서는 혁신 신약 개발을 위한 기초 연구를 진행하고 미국 뉴저지의 현지 법인 SK 라이프사이언스를 통해 직접 글로벌 임상개발과 마케팅을 수행하고 있다.

최근에는 SK바이오팜이 기술수출한 수면장애 혁신 신약 '수노시'가 유럽시장에 이어 캐나다에서 판매되기 시작했다. 수노시는 기면증 및 수면무호흡증으로 인한 주간과다졸림증을 겪는 성인 환자들의 각성 상태를 개선하는 치료제다. 미국 식품의약국(FDA) 품목허가 목록에 오른 4번째 국산 신약으로 SK바이오팜이 임상1상 완료 후 기술 수출해 수면장애 치료 분야 글로벌 1위인 재즈 파마슈티컬스가 이후 개발 및 상업화를 진행했다. 캐나다 진출을 시작으로 향후 본격적인 북미시장 공략에 주력할 예정이다.",https://www.catch.co.kr/Comp/CompSummary/H32455,
68,한온시스템,"8,380", 120,-1.41%,100,"635,599","533,800","44,732",16.39,29.3,13.83,"1986년에 설립된 한온시스템은 자동차용 부품 및 시스템, 전자전기 기계기구용 및 기타 산업용 부품, 시스템의 제조, 친환경 사업 등을 영위하고 있다. 주요 사업은 자동차 열 관리 시스템 OEM 납품이다. 전 세계 총 48개 계열사가 있으며, 현대차뿐만 아니라 아우디·폭스바겐·테슬라 등 글로벌 전기차 업체들을 고객사로 두고 기본 품목으로 들어가는 히트 펌프 시스템과 멀티 밸브를 공급하고 있다.

한온시스템은 현재 자동차 에어컨, 파워트레인 쿨링, 압축기, 플루이드 트랜스포트 등을 생산하며 부품 경량화를 통해 에너지 효율을 높이고 있다. 또한 환경친화적 소재와 차세대 연료 대응 기술 기반으로 배터리 열 관리 시스템, 히트 펌프, 전동 컴프레서 등을 생산하고 있다. 이후 친환경차와 자율주행차 부품 라인업을 강화하고 2025년까지 연 매출 10조원을 달성하겠다는 목표를 밝혔다.",https://www.catch.co.kr/Comp/CompSummary/386961,
69,HD현대,"56,100", 900,-1.58%,"1,000","149,209","78,993","44,315",18.47,3.94,-1.99,"2017년 '한국조선해양(舊 현대중공업)'에서 인적분할하여 출범한 HD현대는 지주사업 및 신성장 동력 발굴 및 육성, 기술 개발사업을 영위하고 있는 투자형 지주회사로, 산하에 '한국조선해양', '현대일렉트릭', '현대로보틱스' 등 총 8개의 계열사를 보유하고 있다. 2022년 12월, 당사는 현대중공업그룹의 창립 50주년을 맞이해 사명을 '현대중공업지주'에서 현재의 상호명으로 변경하였으며, 판교에 신사옥인 '글로벌 R&D센터(GRC)'를 완공한 바 있다.

HD현대는 별도의 사업을 영위하고 있지 않지만, 계열사 경영의 전반적인 지원, 대형 M&A 및 기업분할 등의 업무를 담당하고 있다. 당사는 2021년 인수한 '디벨론(DEVELON, 舊 두산인프라코어)'과 '메디플러스솔루션' 등의 포트폴리오를 보유하고 있으며, 2023년 1월 기준 선박엔진업체인 'STX중공업' 인수를 추진 중이다. 또한, HD현대는 선박 자율운항, AI, 로봇, 디지털 헬스케어 등의 신성장 동력을 발굴하여 적극적인 투자사업을 진행하고 있다.

당사는 2020년 선박 자율운항 솔루션 사업을 영위하는 '아비커스(Avykus)'를 설립하였고, 같은 해 글로벌 기업 인수 및 지분 투자를 위해 한국투자공사(KIC)와 1조원 규모의 공동투자 업무협약(MOU)를 체결했다. 또한, 2021년에는 성장가능성이 있는 벤처기업을 발굴 및 육성하기 위해 미래에셋그룹과 함께 340억원 규모의 펀드를 조성하였다.

HD현대는 최근 요트 시장을 신시장 개척지로 꼽으며, 적극적으로 해당 시장을 공략 중에 있다. 당사의 자회사인 '아비커스'는 2021년 국내 최초로 선박 완전 자율운항 시스템을 개발하였고, 2023년 1월 기준으로 260건 이상의 시스템 수주실적을 달성했다. 당사는 2023년 시스템의 상용화를 목표로 하고 있으며, 요트 개조(retrofit) 시장을 노려 사업의 다각화를 추진하고 있다.",https://www.catch.co.kr/Comp/CompSummary/IP2696,
70,SK아이이테크놀로지,"61,400", 600,-0.97%,"1,000","269,507","71,298","43,777",6.77,-147.6,-1.35,"2019년에 설립된 SK아이이테크놀로지는 SK이노베이션 주식회사의 소재사업부문을 단순ㆍ물적분할하여 설립되었으며, 배터리 소재 등의 생산 및 판매를 주요 사업으로 영위하고 있다. 주요 제품인 분리막 외에도 향후 미래성장동력으로 차세대 디스플레이용 소재인 플렉서블 커버 윈도우(FCW) 사업을 영위하고 있다.

고객의 높아진 물성 및 품질의 균일성에 대한 요구 수준을 만족시키기 위하여, 분리막 원단과 CCS 기술을 고도화하는데 주력하고 있다. SK아이이테크놀로지의 경쟁력은 분리막 두께를 자유자재로 조절하면서도 균일한 품질을 구현하는 ‘축차연신’ 기술, 열과 충격에도 변형을 최소화하는 분리막 코팅 기술 등 차별화된 독자기술을 보유하고 있다는 것이다. 국내의 청주공장과 증평공장과 해외에 중국 창저우 공장, 폴란드 실롱스크 공장이 있다. 국내 동종업계 경쟁사로는 삼성 SDI, LG 에너지솔루션이 있다.

현재 ESG 경영 전략도 추진 중이다. 올해부터 한국 내 사업장에서 사용하는 전력을 모두 친환경 전력으로 도입했으며 분리막 생산 과정에서 발생하는 탄소배출량의 70%를 줄였다. 폴란드 배터리 분리막공장에서 또한 100% 친환경전력을 사용할 예정이다. 폴란드 현지 전력회사 타우론(Tauron)으로부터 태양광, 태양열, 바이오, 풍력, 수력, 지열 등으로 생산한 친환경에너지를 공급받는 계약을 맺었다. 향후 다른 해외 거점에서도 친환경 전력 도입을 지속적으로 추진하겠다는 계획을 밝혔다.",https://www.catch.co.kr/Comp/CompSummary/JN5387,
71,현대제철,"32,800", 500,-1.50%,"5,000","544,329","133,446","43,770",23.37,4.3,5.56,"1953년 대한중공업공사로 설립된 현대제철은 국내 최초의 철강회사이다. 당사는 현대자동차의 계열사로, 현재 자동차소재 전문제철소의 역할을 수행하며 미래 자동차를 위한 차세대 강판 개발을 위한 다양한 노력을 기울이고 있다. 현대제철의 사업영역은 고로사업, 전기로사업, AP(Automotive Part) 및 강관사업 등으로 세분화되며, 고로사업 부문에서는 열연, 냉연, 후판, 선강 등의 제품을, 전기로사업 부문에서는 철근, 형강, 특수강, 중기, 롤, STS 등의 제품을 생산하고 있다. AP 및 강관사업 부문에서는 더욱 가볍고 안전한 자동차 제조를 위한 자동차 부품 소재 개발에 주력하며 자동차용 경량화 부품과 강관 등의 제품을 생산중이다.

당사는 내진강재 브랜드인 'H CORE'와 고객 맞춤형 자동차 솔루션 'H-SOLUTION'을 보유하고 있으며, 특히 'H-SOLUTION'의 경우 모바일 어플로도 확인이 가능하여 구글 플레이스토어 및 앱스토어에서의 다운로드가 가능하다. 현대제철은 국내 1위의 철강사인 포스코에 이어 철강업계 2위의 자리를 점하고 있으나, 최근에는 포스코와의 물류 부문 협력을 강화하며 제품 운송 선박 및 전용 부두와 같은 연안해운 인프라를 공유하며 상호발전을 도모하고 있다.",https://www.catch.co.kr/Comp/CompSummary/370142,
72,삼성중공업,"4,895", 115,-2.30%,"1,000","5,325,378","880,000","43,076",15.46,-6.95,-16.08,"1974년에 설립된 삼성중공업은 첨단기술, 생산효율, 고부가가치선 분야에서 세계최고를 지향하며, 독보적인 사업 경쟁력을 갖추고 있다. 사업부문은 선박, 해양플랫폼 등의 판매업을 영위하는 조선해양 부문과 건축 및 토목공사를 영위하는 E&I 사업부문으로 구분된다.

2016년부터 SAS 시스템 상용화를 위해 연구개발을 진행해왔으며 2019년에는 길이 3.3m의 원격 자율운항 무인선 ‘이지고’ 개발에 성공한 뒤 업계 최초로 300t급 예인선 자율운항에도 성공했다. 또한, 목포해양대와 1000TEU(컨테이너 1000개 선적 가능)급 컨테이너선 크기의 선박을 활용해 연구를 계속해왔다. 그 결과 최근에 세계 최초로 바다에서 운항 중인 두 자율운항 선박 간 충돌 회피 실험에 성공했다.

삼성중공업은 2022년 5월, LNG 재액화시스템 실증에 성공했다. 이에 기존 영하 163도의 극저온 화물창에서도 일부가 기체 상태로 변하는 LNG를 재액화시스템을 통해 증발 가스도 다시 액체로 만들어 LNG 화물량 손실을 최소화할 수 있게 된다. 현재, LNG 가격 급등함에 따라 당사의 새로운 시스템 개발이 경쟁력을 확보하는 데에 중요한 요인이 될 것으로 기대된다.",https://www.catch.co.kr/Comp/CompSummary/380180,
73,한국타이어앤테크놀로지,"34,150", 650,-1.87%,500,"254,325","123,875","42,303",36.8,5.82,7.69,"1941년에 설립된 한국타이어앤테크놀로지는 한국 최초의 타이어 전문기업으로 현재 4개의 글로벌 지역본부와 30여개 해외지사를 통해 전세계 180여개국에 타이어를 판매중이다. 당사는 1955년 국내 자동차 기업과의 첫 파트너십 체결을 시작으로, 글로벌 자동차 기업들과 전략적 파트너십을 확장해왔다. 나아가 각 자동차의 특성에 최적화된 타이어 개발에 앞장서 그로벌 신차용 타이어 시장에 적극적으로 대응하고 있다. 대표적인 공급 브랜드로는 아우디, BMW, 제네시스, 혼다, 현대자동차, 기아자동차 등이 있다.

2021년 한국타이어앤테크놀로지는 닛산의 픽업트럭 ‘2022 프론티어(Frontier)’에 SUV용 타이어 ‘다이나프로 HT(Dynapro HT)’와 ‘다이나프로 AT2(Dynapro AT2)’를 신차용 타이어(OET: Original Equipment Tire)로 공급할 예정이라고 밝혔다. 닛산의 주력 픽업트럭 모델이 북미시장에서 픽업트럭과 SUV로 주목을 받는 만큼 당사는 이를 기반으로 북미 시장 판매 강화를 이어갈 계획이다.",https://www.catch.co.kr/Comp/CompSummary/I66472,
74,금호석유,"142,000"," 2,400",-1.66%,"5,000","86,994","29,314","41,626",21.27,4.04,47.76,"1970년에 설립된 금호석유화학은 세계 최대 생산능력을 보유한 합성고무 사업을 중심으로 합성수지, 정밀화학, 나노탄소, 에너지, 건자재 등 사업을 다각도로 전개하고 있는 석유화학기업이다. 주요 생산제품은 합성고무 부문의 SBR, BR 및 NB-LATEX 등과 합성수지 부문의 PS, ABS 등이 있으며 주요종속회사인 금호피앤비화학㈜에서 Phenol과 BPA 등을 생산하고 있다. 또한 2021년 4월, 금호리조트㈜, Kumho Holdings(H.K.), Weihaipoint Hotel & Golf Resort 3개사의 지분을 취득하며 리조트 사업도 운영하고 있으며, 2021년 7월 금호폴리켐㈜이 주요 종속회사로 편입되어 EPDM 등 특수합성고무 사업 또한 영위하게 되었다.

2021년 12월에는 당사의 건자재 브랜드 ‘휴그린(Hugreen)’이 전년도에 이어 2년 연속 ‘웹어워드 코리아’ 최우수상을 수상했다. 금호석유화학은 2022년, 부가가치 합성고무 제품을 중심으로 사업 포트폴리오를 확장하고 미래 유망 사업을 성장시킬 계획이다. 먼저 라텍스 장갑의 원료인 NB라텍스 제품 라인업을 다양화하며 핵심 사업 경쟁력을 강화에 나선다. 나아가 2020년 상업화에 성공한 전기자동차용 리튬이차전지의 핵심 도전재인 탄소나노튜브(CNT)를 본격적으로 판매할 예정이다.",https://www.catch.co.kr/Comp/CompSummary/351350,
75,한국항공우주,"42,000", 600,-1.41%,"5,000","664,575","97,475","40,940",23.34,31.6,5.19,"1999년에 설립된 한국항공우주산업은 항공기 부품, 완제품 제조 및 판매를 목적으로 하며, 항공기, 우주선, 위성체, 발사체 및 동 부품에 대한 설계, 제조, 판매, 정비 등의 사업을 영위하고 있는 항공우주기업이다. 당사는 KT-1 기본훈련기, T-50 고등훈련기, 수리온 기동헬기, 송골매 무인기 개발 등의 성공으로 대한민국 안보와 항공전력을 책임져왔다. 또한 미래 핵심전력으로 꼽히는 KF-21(한국형 전투기)와 LAH/LCH(소형무장/민수헬기) 개발에 박차를 가하고 있다. 아울러 국내 최초로 민간기업이 주관하는 차세대 중형위성, 국방위성 개발사업으로
진출하고 있으며, 한국형 발사체 총조립까지 우주 사업 영역을 확대해 나가고 있다.

최근 한국항공우주산업은 방위사업청과 2026년까지 노후된 기존 백두정찰기를 대체할 신형 백두정찰기 4대를 국내 기술로 개발하는 백두 체계 능력 보강 2차 사업 체계 개발 계약을 체결했다. 당사는 프랑스 닷소 사의 비즈니스 젯 팰콘 2000LXS을 기반으로 정보 수집 장비 송수신 시스템 등 주요 항전 장비의 체계 통합과 정보 수집을 위한 통합체계 개발을 담당한다. 나아가 향후 다양한 항공기 개발 경험을 바탕으로 사업을 성공적으로 수행할 방침이다.",https://www.catch.co.kr/Comp/CompSummary/125856,
76,현대건설,"36,750", 350,-0.94%,"5,000","712,292","111,356","40,923",24.78,10.1,5.49,"1947년에 설립된 현대건설은 토목/환경사업, 건축/주택, 플랜트/전력, 기타무분을 영위하며 현대자동차그룹에 속한 글로벌 종합엔지니어링 기업이다. 이러한 사업을 기반으로 2020년 기준 전세계 59개국 총 842개의 프로젝트를 성공적으로 수행해왔다. 현대엔지닝어링, 현대스틸산업 등의 종속회사를 두고있다.

2021년 당사는 디에이치 입주민을 대상으로 고객의 라이프스타일에 맞춘 원스톱 ‘디에이치 모바일 서비스 플랫폼’을 개발해 론칭했다. 또한 2022년 1월에는 새로운 엘리베이터 디자인 'FANTASTIC RIDE'를 개발해 단순한 이동 수단이 아닌 입주민들이 새로운 경험을 할 수 있는 공간으로 탄생시켰다. 당사의 이번 프로젝트는 2022년 하반기 분양예정인 힐스테이트부터 선별적으로 적용할 예정이며, 상품뿐만 아니라 디자인측면에서도 주거 트렌드를 이끌어 갈 수 있도록 다양한 시도를 할 방침이다.

최근 2022년 5월, 현대건설은 국내 건설사 최초로 NFT(대체불가토큰) 프로젝트에 참여하기도 했다. 샌드박스네트워크와 NFT·메타버스 분야에서 협력을 약속하며 올해 현대건설 창립 75주년을 맞아 기념 NFT를 발행하고자 한다. 이번 협약을 발판으로 NFT·메타버스라는 신규 영역에 진출하고 고객에게도 지속적으로 새로운 경험을 선보일 예정이다.",https://www.catch.co.kr/Comp/CompSummary/500577,
77,메리츠증권,"6,600", 130,2.01%,"1,000","681,872","615,041","40,593",13.95,5.53,15.26,"메리츠증권은 1973년 설립된 메리츠금융지주의 자회사다. 당사는 2017년 11월 종합금융투자사업자로 지정되면서 기존의 강점인 기업금융 사업부문을 포함해 브로커리지 등 자산관리(WM), 자산운용(Trading) 등 제반 영역에서 업계 최고 수준의 경쟁력을 발휘하고 있다. 특히 리테일부문의 사업영역을 확대하며 수익원 다각화에 속도를 내고 있다. 그간 부동산 프로젝트파이낸싱(PF)를 중심으로 빠르게 성장한 메리츠증권은 지난 2021년 7월 국내주식 차액결제거래(CFD) 시장에 진출한데 이어 12월에는 중개형ISA를 출시하였다. 나아가 2022년 초 새로운 CFD 플랫폼을 출시하고 CFD로 해외주식도 거래할 수 있게 서비스를 개편해 개인 전문투자자 시장을 확대하겠다는 계획이다.

메리츠증권은 최근 디지털Biz팀을 신설하는 등 디지털을 활용한 리테일 사업 강화에도 공을 들이고 있다. 신설된 디지털Biz팀은 디지털 마케팅 전담부서로 개인 고객들의 비대면 서비스를 담당하고 있으며, 회사 공식 유튜브 채널 또한 개설하였다. 2021년 12월에 오픈한 ‘Meritz On’에는 현재 비대면 계좌개설 방법과 CFD 상품 안내 등의 영상이 업로드 되었으며, 추후 유익한 금융상품 및 투자정보를 지속적으로 제공해 고객 소통을 강화할 예정이다. 당사는 다양한 수요를 가진 투자자들을 위해 차별화된 상품과 서비스를 지속적으로 확대해 나갈 예정이며, 특히 디지털 채널을 통한 비대면 고객과의 소통을 강화하고 고객 이벤트와 온라인 마케팅에 주력할 계획이다.",https://www.catch.co.kr/Comp/CompSummary/860204,
78,유한양행,"50,700", 100,-0.20%,"1,000","103,819","76,639","38,856",19.56,52.81,5.45,"1926년 설립된 유한양행은 의약품, 건강기능식품, 동물약품, 치과용품 등의 제조 사업을 영위하는 제약 업체로, 한국능률협회가 선정하는 '한국에서 가장 존경받는 기업'의 제약부문에서 18년 연속 1위를 달성하는 등 국내 1위의 제약사로 자리매김하고 있다.

당사는 전문의약품, 일반의약품, 의약외품, 건강기능식품, 의료기기, 진단시약 등 국민보건의 향상과 직결되는 다양한 사업을 영위하고 있다. 전문의약품 부문에서는 순환기용약, 진통제, 소화기관용약, 진통제 등 대다수의 전문의약품을 제공하고 있으며, 안티푸라민 제품들과 삐콤씨파워정, 큐자임정 등 소비자들에게 친숙한 일반의약품 제품들도 다수 보유하고 있다.

유한양행은 사람을 대상으로 하는 의약품을 넘어 펫 헬스케어 사업 부문에도 적극적으로 진출하고 있다. 당사는 2021년 상반기, 뇌질환 치료 신약 개발 기업인 지엔티파마의 반려견 인지기능장애증후군 치료제 '제다큐어 츄어블정'의 독점판권 파트너 계약을 체결하고 전국 300여개 동물병원에서 제품 판매를 시작했다. 이후 종합 반려동물 관리 브랜드 '윌로펫', 동물병원 전용 브랜드 '유한펫'을 런칭했다. 그 결과 2021년 동물용 의약품 사업부(AHC) 매출은 약 240억 원을 돌파하며 전년 대비 22.2%의 상승세를 기록했다. 2022년 당사는 미국으로 기술수출한 퇴행성 디스크 치료제 'YH14618'의 임상 3상이 승인되는 성과를 내기도 했다.",https://www.catch.co.kr/Comp/CompSummary/350664,
79,강원랜드,"18,140", 10,0.06%,500,"766,147","213,940","38,809",18.57,40.67,-0.33,"강원랜드는 폐광지역 개발 지원에 관한 특별법에 근거하여 카지노업 및 리조트업 등을 영위할 목적으로 1998년 6월에 설립되었다. 당사는 카지노, 스키, 골프, 워터파크, 호텔, 콘도 등의 시설이 한 곳에 자리하는 국내 최대의 사계절 가족형 복합리조트를 운영하고 있다. 특히 ‘하이원’이라는 브랜드 하에 청정한 자연과 우수한 시설을 바탕으로 숙박, 레저, 힐링, 액티비티, 컨벤션 등 다양한 리조트 상품과 서비스를 판매하고 있으며, 방문객 증대를 위한 즐길거리 컨텐츠 확대를 지속해 나가고 있다. 또한 국내에서 유일하게 내·외국인의 출입이 허용되는 강원랜드 카지노는 당사의 주요한 매출원이며, 사회적 부작용 최소화 및 건전게임문화 정착을 위한 다양한 정책을 추진하고 있다.

최근 2021년에는 대구한의대학교, 한국펫고등학교와 함께 펫클럽 고객 특화 서비스 개발과 반려동물 산업 발전을 위한 펫클럽 업무 협약을 체결했다. 이번 협약을 통해 강원랜드와 대구한의대학교는 반려동물 서비스 개발과 마케팅 이벤트 협력 사업 진행, 반려산업 전문인력 양성 교육과정 개발, 현장실습 및 학술적 교류 등 반려동물 산업 발전에 주력할 방침이다. 당사는 수익성을 높이기 위해 전략본부 직속팀으로 ‘펫클럽운영TF’를 신규조직으로 신설함으로써, 리조트 내 펫 문화 도입과 확산을 위한 사업을 추진하는데 주력하고 있다.",https://www.catch.co.kr/Comp/CompSummary/108571,
80,두산밥캣,"38,650", 700,-1.78%,500,"320,103","100,249","38,746",34.62,8.02,9.19,"두산밥캣은 2014년에 설립된 두산인프라코어 소속의 북미 건설기계 회사이다. 건설, 농업/조경용 소형 장비 및 산업차량 분야를 핵심사업으로 영위하고 있다. 주요 제품에는 로더, 미니 굴착기, 공기압축기, 컴팩터, 이동식 조명장비, 디젤 엔진 지게차, 전동 소형 물류장비 등이다.

두산밥캣은 2020년 9월 제초장비 '제로턴모어(Zero-Turn Mowers)'를 출시했다. 꾸준한 수요증가 및 GME 제품 판매 호조가 지속되며 2020년 대비 매출이 41.1% 성장했다. 건설 경기 호조 속에 로더와 미니굴착기 매출이 47.7% 증가했고, 대도시 이탈 현상이 유지되면서 GME 매출이 57.6% 늘었다.

현재 두산밥캣은 2020년 5월 휴대용 건설장비를 주력으로 생산하는 미 노스캐롤라이나주 스테이츠빌 공장에 7000만달러를 투자해 증설에 나서는 등 미국시장 입지 늘리기에 박차를 가하고 있다.",https://www.catch.co.kr/Comp/CompSummary/L74201,
81,미래에셋증권,"6,390", 40,-0.62%,"5,000","626,280","605,316","38,680",12.75,6.83,11.66,"1970년에 설립된 미래에셋대우는금융투자업자로서 Global Business, Investment Banking, Trading, Wealth Management, Principal Investment를 주요시장과 증권업계의 성장을 선도해왔다. 우리나라 최초의 뮤추얼펀드 판매, 최초의 랩어카운트 출시, 최초의 사모투자펀드(PEF : private equity fund) 모집, 최초의 스마트폰 주식매매 서비스 출시 등 ‘최초’라는 단어와 항상 함께하며 자본시장을 이끌어왔다. 나아가 적립식 펀드 등 다양한 투자와 자산관리 방법을 제시하며 ‘저축’에서 ‘투자’로, ‘직접투자’에서 ‘간접투자’로 ‘상품’에서 ‘자산 배분’으로 자산관리 패러다임의 전환을 정착시키는데 성공하였다. 2003년부터는 해외 진출을 시작하였으며, 글로벌 네트워크를 활용해 투자자들에게 균협 잡힌 포트폴리오를 지속적으로 제공하고 있다.

최근 당사는 증권사 최초로 '개인연금랩'을 출시했다. 개인연금랩은 미래에셋증권 본사의 전문 인력이 시장 상황에 맞게 최적의 대안을 찾아 대신 가입자의 개인연금 계좌를 운용하는 서비스이다. 이번 서비스는 개인연금을 직접 투자하고 관리하는데 어려움을 겪는 고객과 전문가의 지속적인 관리를 받고자 하는 고객을 위한 서비스이다. 연금 투자 문화가 확산되고 있는 현재, 개인연금랩은 증권사에서 실적배당형 상품을 통해 연금을 운용하고자 하는 고객을 위한 최적의 옵션이 될 것이라고 기대된다.",https://www.catch.co.kr/Comp/CompSummary/860085,
82,SKC,"101,100"," 1,900",-1.84%,"5,000","234,329","37,868","38,285",12.75,-56.01,-3.67,"1973년에 설립된 SKC는 리튬이온 이차전지 소재인 전지박(Copper Foil) 등 제품을 생산·판매하는 모빌리티 소재사업, 폴리우레탄의 원재료로 사용되는 프로필렌옥사이드 제품 등을 생산·판매하는 화학사업, 디스플레이/산업용/친환경 등 폴리에스테르 필름 등을 생산·판매하는 Industry소재사업 및 반도체 소재/부품 사업을 영위하는 기업이다.

당사는 1977년 국내 최초로 폴리에스터(PET) 필름을 개발하고 2008년에는 세계 최초로 생분해 필름을 상용화했다. 1991년에는 국내 최초로 프로필렌 옥사이드(PO) 제품을 상업화하고 2008년 세계 최초로 친환경 HPPO 공법 상업화에 성공하는 등 수많은 연구개발로 국내 최초, 세계 최초를 기록해 왔다. 또한 반도체 소재 국산화에도 앞장서며 CMP 패드를 개발했으며, 현재 블랭크 마스크 하이엔드급 제품의 국산화에도 앞장서고 있다.

최근에는 대상, LX인터내셔널과 함께 친환경 신소재 고강도 PBAT(Polybutylene Adipate Terephthalate) 사업을 본격화 하고 있다. 나아가 고강도 PBAT를 중심으로 친환경 소재 사업도 확장하여 고강도 PBAT를 친환경 생분해 라이멕스(LIMEX)에 적용할 예정이다. SKC는 친환경 생분해 소재 사업을 강화하고 폐플라스틱을 자원으로 되돌리는 열분해유 사업을 본격화하는 한편, 플라스틱 이슈 해결에 이바지하는 생태계를 구축하기 위해 노력할 예정이다.",https://www.catch.co.kr/Comp/CompSummary/350885,
83,포스코인터내셔널,"20,700", 350,-1.66%,"5,000","716,315","175,923","36,416",6.24,4.33,15.79,"2000년에 설립된 포스코인터내셔널은 국제무역, 프로젝트 오거나이징, 신성장사업, 자원개발, 철강가공서비스를 주요 사업으로 영위하는 글로벌 종합사업회사이다. 2017년에는 포스코P&S 철강사업부문 흡수합병을 통해 그룹내 국내외 철강 유통채널을 일원화했다. 전세계에 분포하고 있는 80여개의 해외 네트워크를 활용하여 전략 사업인 철강, E&P, 식량, LNG 사업을 중점적으로 투자, 육성할 계획이며 자동차, 화학, 비철, 전력인프라 분야에서도 그룹사 연계 사업과 미래 신사업 소재를 끊임없이 발굴, 추진하고 있다.

포스코인터내셔널은 최근 친환경차구동에 핵심 역할을 하는 모터코어를 중심으로 마그넷, 감속기 등 부품 사업을 영위하며 포트폴리오 다각화에 힘쓰고 있으며 나아가 전기차 관련 사업 확대에 주목하고 있다. 당사는 2021년 자동차부품 중견기업 '이래AMS'와 함께 북미 신생 전기차 스타트업으로부터 1450억원 규모의 전기차 부품을 수주했다. 또한 2022년 5월에는 엑슨모빌에 극저온용 고망간강 기술승인을 허가 받았다. 극저온용 고망간강 기술은 포스코가 세계 최초로 개발한 신소재로 철에 망간을 더해 개발 특수 철강소재이다. 이번 승인을 통해 당사는 친환경 LNG 터미널에 고망간강을 적용하여 공급망을 확보해나갈 예정이다.",https://www.catch.co.kr/Comp/CompSummary/158358,
84,GS,"38,950", 800,-2.01%,"5,000","179,730","92,915","36,191",25.27,1.66,15.55,"지에스주식회사는 주로 석유 정제에 종사하는 한국 기반 지주 회사입니다. 회사는 지에스칼텍스주식회사, 지에스파워주식회사, 지에스리테일주식회사, 지에스글로벌주식회사 등 자회사를 통해 사업을 운영합니다. 회사는 주로 석유정제, 발전, 편의점, 슈퍼마켓 및 호텔 운영, 철강 및 금속제품 유통업을 영위하고 있습니다. 지에스칼텍스주식회사는 정유, 윤활유, 석유화학 제품을 생산 및 판매합니다.지에스리테일주식회사는 편의점, 슈퍼마켓, 호텔 등 사업을 영위합니다. 지에스글로벌주식회사는 철강 및 금속 제품의 유통 사업 등을 영위합니다. 지에스파워주식회사는 발전 및 난방 사업을 영위하고 있습니다.",,
85,코웨이,"48,900", 900,-1.81%,500,"106,551","73,800","36,088",61.34,7.88,21.72,"1989년에 설립된 코웨이는 정수기, 공기청정기, 비데, 의류청정기 등 다양한 환경가전 제품을 생산, 판매하는 국내 대표 라이프 솔루션 기업이다. 당사는 '렌탈 비즈니스' 개념을 업계 최초로 도입하고 서비스 전문가인 '코디'를 통해 사전서비스라는 차별화된 서비스를 고객에게 제공하고 있다. 대표적으로 '워터케어', '에어케어', '바디케어', '슬립케어', '리빙케어' 제품과 서비스에 주력하며 렌탈제품 라인업을 지속적으로 확대해나가고 있다.

최근 코웨이는 비대면 소비 증가에 대한 방안으로 공식 자사몰 '코웨이닷컴'을 새롭게 선보이며 온라인 채널 공략 및 디지털 전환 가속화에 주력하고 있다. 특히 코웨이닷컴은 전용 모바일 앱 및 자체 라이브 커머스 채널을 구축해 소비자와 직접 소통을 강화하고 랜선집들이, 베스트리뷰 등 고객 스토리를 통해 유용한 정보를 공유하고 다양한 콘텐츠를 제공할 예정이다.

또한 증강현실(AR) 기술을 활용해 실제 공간에 제품을 미리 배치해 보는 AR 카탈로그 앱 서비스를 도입했다. 당사는 앞으로도 새로운 기술을 활용해 소비자들에게 다양한 경험과 편리한 구매 환경을 지속해 선보일 계획이며, 나아가 빅데이터와 인공지능을 기반으로 디지털 전환을 추구하고 있으며 고객 가치를 극대화하기 위한 연구개발을 추진하고 있다.",https://www.catch.co.kr/Comp/CompSummary/613827,
86,현대차2우B,"95,300", 500,-0.52%,"5,000","98,140","36,121","34,423",61.5,3.58,N/A,,,
87,삼성카드,"29,450", 300,-1.01%,"5,000","121,587","115,859","34,120",6.45,5.48,8.08,"1983년에 설립된 삼성카드는 삼성그룹의 계열사로 신용카드 관련 사업을 영위하는 기업이다. 1990년에 국내 카드 업계로는 최초로 ARS 시스템 가동과 1991년에 24시간 현금서비스를 실시한 결과 카드 회원 수가 100만 명을 넘어섰다. 또한, 1996년에는 국내 카드 업계 최초로 인터넷 현금서비스를 개시했으며 2000년 3월 세계 최초로 무선인터넷 휴대폰 금융서비스를 실시했다.

주력사업은 카드사업부문, 할부리스사업부문 및 기타부문으로 구성되어 있으며 삼성카드는 업계 최초로 선불카드, 자동차카드, 셀프디자인카드, CMA체크카드 등 다양한 상품을 출시했다. 이외에도 놀이공원입장할인, 포인트제도 도입, 멤버십 서비스 등 고객편의를 위한 각종 서비스도 선보였다. 기타 사업으로 보험대리판매, 채무면제·유예서비스, 휴대폰알림서비스, 온라인쇼핑물, 모바일 간편결제 등의 상품서비스 또한 제공하고 있다.

최근에는 '코로나 상생 국민지원금' 신청 고객을 대상으로 다양한 편의서비스를 제공하는데 주력하고 있다. 삼성카드 홈페이지와 애플리케이션을 통해 국민지원금 사용 가능 가맹점 검색 서비스를 제공하고 원하는 지역 가맹점명을 입력해 가맹점 상호, 주소, 연락처 등을 편리하게 검색할 수 있도록 지원하고 있다.",https://www.catch.co.kr/Comp/CompSummary/990345,
88,한미약품,"259,500"," 9,500",3.80%,"2,500","37,664","12,562","32,599",16.14,40.36,8.75,"1973년에 설립된 한미약품은 국내 최초 복합제를 개발하는 등 의약품 제조 및 판매를 주력 사업으로 하며 차별화된 개량·복합신약 역량을 보유한 R&D 중심 제약기업이다. 특히 플랫폼 기술을 적용해 당뇨·비만과 항암, 면역질환, 희귀질환 등 분야 혁신신약을 개발하고 있다. 이와 함께 미국, 유럽 등 선진 의약품 허가당국의 GMP 인증을 선도적으로 획득하고 글로벌 제약회사들에 완제의약품을 수출하는 등 글로벌 경쟁력을 강화하고 있다.

최근 당사는 미국 연구개발(R&D) 전문 기업인 '알레그로'로부터 6년 전 도입한 망막질환 분야 신약인 루미네이트를 글로벌 임상 단계 바이오 의약품 전문 기업인 ‘에퍼메드 테라퓨틱스‘에 기술 수출함으로써 중국 내 독점개발, 제조 및 상업화에 대한 판권을 부여했다. 이번 기술 수출로 중국 내 개발에 속도가 날 것으로 기대하고 있으며, 파트너사들과의 긴밀한 협력을 통해 안과 영역에서 혁신적 신약으로 빠르게 상용화될 수 있도록 최선을 다할 계획이다. 나아가 향후 글로벌 혁신신약 개발을 위한 연구개발에 더욱 매진할 방침이다.",https://www.catch.co.kr/Comp/CompSummary/F21818,
89,코스모신소재,"103,500"," 6,100",6.26%,"1,000","1,367,242","30,651","31,724",8.26,113.61,12.13,"코스모신소재는 1967년 설립되어 기능성필름(이형필름, 점착필름, 인슐레이션필름)과 2차전지용 양극활물질, 토너, 토너용 자성체 등을 제조 판매하는 사업을 영위하고 있다. IT관련 소재 사업에서, 기존의 기록미디어사업과 더불어 2차 전지용 양극활물질, 컬러토너 및 MLCC이형필름, 반도체 Package용 점착필름, 할로겐프리 인슐레이션필름 등 차세대 성장동력인 분체사업과 디스플레이소재사업으로 사업영역을 확대하고 있다. 또한 한발 앞선 핵심 기술개발을 바탕으로 최강의 경쟁력을 가진 IT관련 소재사업으로의 위상을 강화해 나아갈 것이라고 한다.

기록미디어 산업에서는, 지난 30여 년간 축적한 Know How를 바탕으로 세계시장에서 마그네틱 테이프 공급자로서의 위상을 확고히 하고 있다. 최근 충북 충주시는 코스모신소재와 1천500억원 규모의 2차전지용 NCM 신규공장 증설 투자협약을 했다. 친환경 차량 수요 증가에 따라 2023년까지 기존 공장 내 유휴부지에 3만3천57㎡ 규모의 2차전지 양극활물질 공장을 증설할 계획이라고 한다.",https://www.catch.co.kr/Comp/CompSummary/380814,
90,현대오토에버,"114,200",0,0.00%,500,"24,608","27,424","31,318",3.21,34.85,7.26,"현대오토에버는 2000년에 설립된 현대자동차그룹 전문 ICT 회사로서 정보시스템 기획(IT 컨설팅), 시스템 구축, 운영 및 유지보수 등의 IT 서비스 사업과 차량 SW 플랫폼, 내비게이션 SW 등을 포함한 차량용 SW 사업을 영위하고 있다. 2021년 4월 1일, 당사는 현대자동차그룹 내 분산된 소프트웨어 역량을 통합하여 급변하는 모빌리티 환경과 시장 경쟁에 적극적으로 대응하기 위해 현대엠엔소프트와 현대오트론을 흡수합병했다. 합병을 통해 새롭게 출발한 현대오토에버는 모빌리티 소프트웨어와 서비스 플랫폼으로 사업영역을 확대하여 모빌리티 테크 기업으로서의 입지를 키워가고 있다. 2021년 사상 첫 매출 2조 원을 돌파하며, 전년 대비 32.5% 성장한 성과를 냈다.

현대오토에버의 서비스는 크게 IT 서비스 부문과 차량용 SW 부문으로 나뉘며, 주요 제품으로는 ITO 부문의 IT 시스템 운영 및 관리/SI 부문의 IT 컨설팅, 시스템 설계 및 개발/차량용 SW 부문의 차량 SW 플랫폼, 내비게이션 SW가 있다. 현대오토에버는 다양한 주체들이 자동차의 전 밸류체인에서 효율적이고 안전하게 자동차를 생산, 개발, 판매, 구매, 이용, 관리할 수 있도록 IoT, Cloud, Big Data, Mobile 등 디지털 신기술 기반의 IT 서비스를 제공하고 있다.

현대오토에버는 차량 제어기 통합, 전동화의 확대, 자율주행 차량의 상용화 등 모빌리티 산업의 변화에 맞춰 사업을 전개할 계획이다. 우선 차량 전장 소프트웨어 플랫폼인 모빌진의 전 도메인 적용을 추진하여 제어기 통합을 지원할 예정이다. 또한 제어기의 무선 업데이트를 위한 클라우스 서비스 및 업데이트 관제 서비스를 제공하고 레벨3 수준의 자율주행 구현을 위해 올 연말까지 상용 정밀지도와 정밀지도 제어기를 개발할 예정이다. 더불어 차세대 ERP, 인공지능 플랫폼 등 다양한 분야에서 구독형 소프트웨어 사업 추진을 강화해 매출 강화에 더욱 힘쓸 계획이다.",https://www.catch.co.kr/Comp/CompSummary/159613,
91,씨에스윈드,"74,200"," 1,600",2.20%,500,"430,063","42,171","31,291",12.49,248.99,10.13,"씨에스윈드는 2006년 설립되었으며 풍력발전 설비 및 제조, 관련 기술 개발, 강구조물 제작 및 설치, 풍력발전 관련 컨설팅 및 지원서비스 사업을 영위하고 있다. 현지 제조사업장을 비롯한 모든 업무 영역에 Lean Six Sigma를 도입해 2008년부터 본격 시행하고 있다.

Onshore 풍력타워는 CS WIND의 대표 주력 상품으로서 풍력 발전기 (Wind Turbine + Blade)를 지탱하는 역할을 담당하는 구조물이다. 최근 씨에스윈드가 영국 풍력발전기 회사와 풍력타워 공급계약을 맺었다. 또한 베트남과 호주에 공급하는 건을 수주했으며 기존 풍력타워 부문에 이어 풍력 하부구조물 사업도 추진할 예정이라고 한다.

현재 씨에스윈드는 유럽 풍력타워 하부구조물 생산기업 ASMI(A.Silva Matos Group Industries) 인수 절차를 신속하게 진행하고 있다. 향후 유럽에서 해상풍력 핵심 생산기지를 마련함에 따라 해상풍력 타워 생산물량을 확대하고 시장점유율을 넓혀나갈 계획이라고 한다.",https://www.catch.co.kr/Comp/CompSummary/C13073,
92,KODEX KOFR금리액티브(합성),"102,400", 20,0.02%,0,"26,111","30,523","31,256",0,N/A,N/A,,,
93,팬오션,"5,730", 170,-2.88%,"1,000","3,138,098","534,570","30,631",14.17,4.52,16.74,"1966년 설립된 팬오션은 건화물 서비스를 중심으로 해상운송 서비스를 제공하는 해운선사이다. 1972년 건화물 운송 부문으로 사업영역을 확대했다. 주력 사업은 벌크선 서비스이며 현재 사업분야는 정기선, 부정기선, 대형선, 컨테이너션, 특수선, 곡물사업이 있다.

팬오션은 ESG경영에도 관심을 기울이고 있다. 2021년 팬오션은 국내 해운업체 최초로 ESG 채권을 발행했고, 발행 규모 500억원의 8배가 넘는 매수주문이 몰렸다. 팬오션은 조달한 자금 500억 원 중 273억 원은 친환경 LNG 보급선 도입에 사용하고, 227억 원은 선박 평형수 처리장치 설치에 사용할 계획이다. 2021년 7월에는 ESG경영의 일환으로 4570억 원을 투자하여 에너지기업 ‘쉘(Shell)’과 액화천연가스(LNG)선 2척을 7년 동안 운영하는 장기대선계약을 맺었다고 공시했다.

2021년 팬오션은 중국의 동계올림픽으로 인한 철강 감산 기조 우려에도 불구, 매출 4조 6,161억원과 영업이익 5,729억을 달성하여 해운업 호황기였던 2008년 이후 역대 최대 실적을 보여주었다. 팬오션은 LNG선과 VLCC(초대형 유조선) 사업을 카타르프로젝트 진출 등으로 안정화하고 곡물사업과 물류사업의 독자적 기반을 마련하는 데 노력하겠다고 밝혔다.",https://www.catch.co.kr/Comp/CompSummary/720020,
94,현대해상,"34,150"," 1,000",-2.84%,500,"353,422","89,400","30,530",36.59,5.31,12.44,"현대해상화재보험주식회사는 주로 손해보험 사업을 영위하는 한국 기반 회사입니다. 회사는 화재보험, 해상보험, 자동차보험, 보증보험, 해외사고보험, 장기보험과 연금, 연금보험, 기술보험, 책임보험, 특종보험 등을 제공합니다. 또한 소비자 대출, 건물 관리, 손해 평가, 콜 센터, 교육 사업, 자산 운용 등에 참여합니다.",,
95,BGF리테일,"175,800"," 1,300",-0.73%,"1,000","21,345","17,284","30,385",34.08,16.13,19.61,"2017년에 설립된 BGF리테일은 편의점 체인화 사업, 물류사업, 식품제조 및 유통 사업까지 영위하는 기업이다. 1990년 가락시영점 1호점을 개점한 이래로 백령도부터 울릉도에 이르기까지 전국 방방곡곡에 국내 최대의 유통·물류 네트워크를 구축하여 국내 프랜차이즈 업계 최초로 10,000호점을 달성한 바 있다. 또한 1차적인 소매유통채널을 넘어 제조, 물류, 금융 등 다양한 서비스를 ‘CU 플랫폼’을 통해 고객에게 편의를 제공하고 있다.

업계 최초로 편의점 전용물류센터 오픈, 전용멤버십(CU멤버십) 런칭, 24시간 콜센터 운영, 기프트카드 출시, NFC결제 시스템 도입, 이동형편의점 ‘트렌스포머’ 개발, 모바일오피스·재택발주 도입 등의 서비스 및 시스템을 선보이기도 했다. 현재 동종업계 경쟁사로 ‘GS25’, ‘세븐일레븐’ 등이 있으며 계열사로는 BGF푸드와 BGF로지스가 있다.

2021년에는 증강현실(AR) 기술을 활용하여 'CU제페토한강점'과 'CU제페토교실매점'을 오픈했다. 증강현실(AR) 기술을 활용해 CU의 인기 상품들을 이용할 수 있게해 마케팅 효과를 높였다. 또한 한국인터넷진흥원(KISA)과 협업하여 안심 스마트 점포의 보안 기술 개발과 실증을 위한 공동 사업을 진행했다. 양측은 무인 리테일 물리·정보보안 관련 기술 개발 및 서비스 고도화,무인 리테일 보안 기술 관련 국내 유망 중소기업 발굴 및 기술 개발 지원, 국내 무인 리테일 제품 및 플랫폼 해외판로 개척을 함께 추진해 나가고 있다. 2022년 몽골 내 200호점 개점에 성공한 당사는 몽골에서 접할 수 없던 상품을 소개하거나 몽골 현지 식품을 편의점 상품용으로 개발하는 등 당사의 노하우를 활용해 차별화된 제품과 서비스를 제공하고 있다. 향후 'BGF 글로벌 IT시스템'을 몽골에도 도입하여 현지 CU점포와 물류센터, 가맹본부가 실시간으로 원활히 소통할 수 있도록 할 계획이다.",https://www.catch.co.kr/Comp/CompSummary/IV6821,
96,한진칼,"45,050"," 1,750",-3.74%,"2,500","115,766","66,762","30,076",16.13,4.43,33.64,"한진칼은 2013년 8월 1일, 대한항공을 인적분할하여 설립된 한진그룹의 지주회사이다. 현재 6개의 자회사(대한항공, 한진, 칼호텔네트워크, 정석기업 등)를 두고 있으며, 당사의 주요 영업수익은 계열사들의 배당금과 브랜드 사용료, 부동산 임대 수익 등으로 구성된다. 당사는 지주회사로서, 항공운송, 종합물류, 호텔레저, 정보서비스 등 그룹 핵심사업을 지원하고, 투명한 기업지배구조를 바탕으로 한 관리 효율화를 통해 자회사들의 자율경영과 책임경영을 발전시키고 있다.

한진칼은 2021년 기준, 브랜드사용료로 인한 상표권 매출이 전체의 63.9%로 큰 비중을 차지하고 있다. 특히 금융감독원에 따르면 2022년 기준 대한항공이 한진칼에 지불하는 상표권 사용료는 약 354억 원으로, 전년 대비 54.8% 증가했다고 전했다. 코로나19 사태로 여객 수요가 줄어듦에 따라 감소했던 상표권 매출이 여객 수요 회복에 힘입어 지속 증가하고 있다. 또한, 자회사의 주요 업종이 항공 및 물류 등으로 팬데믹 사태에 크게 영향을 받아 20~21년 매출이 위기를 겪었지만, 2022년부터 국내외 방역 규제가 완화되며 운항을 중단했던 여객 노선의 운항 재개 등으로 매출 회복에 힘을 가하고 있다.",https://www.catch.co.kr/Comp/CompSummary/J83149,
97,한국금융지주,"53,300"," 1,600",-2.91%,"5,000","343,998","55,726","29,702",37.88,5.15,8.45,"한국투자금융지주주식회사는 주로 자회사 경영에 종사하는 한국 기반 회사입니다. 자회사들을 통해 회사는 국내펀드, 해외펀드, 파생결합증권, 파생결합사채, 회사채, 국공채, 해외채권, 전자단기사채, 신탁, 퇴직연금 등의 제공을 영위하고 있습니다. 이외에도, 회사는 추천상품 서비스, 은퇴컨설팅 서비스, 생애 종합자산 관리 서비스, 투자전략세미나, 세무대행서비스 등 멤버십 서비스를 제공하고 있습니다. 회사의 주요 종속회사로서는 한국투자증권주식회사, 한국투자파트너스주식회사, 한국투자저축은행, 한국투자밸류자산운용주식회사, 한국투자신탁운용주식회사 등이 있습니다.",,
98,아모레G,"35,900", 350,-0.97%,500,"250,446","82,458","29,602",10.82,55.4,1.87,"아모레퍼시픽그룹주식회사는 주로 화장품의 제조 및 판매를 영위하는 한국 기반 회사입니다. 회사는 두 개 부문을 통해 사업을 운영합니다. 화장품사업부문은 세안, 보습 등 기초 화장품, 메이크업 제품, 향수 등의 제조 및 판매를 영위하고 있습니다. 생활용품사업부문은 미쟝센, 려 등 브랜드로 샴푸, 치약 등 모발, 구강, 바디 케어 제품; 설록차 브랜드로 녹차를 제조 및 판매합니다. 그리고 회사는 건강기능식품 등 식품의 제조 및 판매사업을 영위합니다. 회사의 제품은 설화수, 헤라, 아이오페, 한율, 라네즈, 마몽드 등 브랜드로 만듭니다. 화사는 국내 및 미국, 유럽, 일본 등 해외 시장에서 제품을 판매하고 있습니다.",,
99,이마트,"105,900"," 2,500",-2.31%,"5,000","137,695","27,876","29,520",31.43,3.19,16.25,"이마트는 1993년 시작한 국내 최초의 할인점으로, 전국에 158개의 대형마트를 운영하는 국내 대표 유통회사다. 사업 영역은 할인점 ‘이마트’와 온라인몰인 ‘이마트몰’, EDLP Discount Store인 ‘이마트 트레이더스’으로 나뉜다. 또한 고객의 라이프스타일 변화에 맞추어 반려동물 원스톱 멀티숍 ‘몰리스펫샵’, 영국 1위 헬스&뷰티 브랜드 ‘부츠’, 체험 테마형 가전 전문점 ‘일렉트로마트’ 등의 새로운 카테고리 킬러형 전문점을 운영하고 있다.

당사는 2021년 4월, 유통업계 최초로 한정판 스타벅스 협업 우산을 증정하는 스탬프 적립 이벤트를 진행했다. 이마트는 흥행을 이어온 스타벅스 굿즈 상품을 스탬프 적립 방식으로 증정해 이마트를 찾는 고객에게 ‘한정판 굿즈 득템’의 즐거움을 선사하고, 이마트앱과 오프라인 매장 쇼핑과 연계한 다양한 고객 혜택과 이벤트를 강화하겠다는 방침이다. 또한 이마트 오프라인 매장에서 현금처럼 사용 가능한 이마트앱 전용 쇼핑 포인트 'e머니'를 론칭하는 등 온라인과 오프라인이 자연스럽게 연계될 수 있는 다양한 서비스와 혜택을 지속적으로 선보일 예정이다.

이마트는 리뉴얼을 통해 오프라인 점포 경쟁력을 극대화 하는 동시에 자산의 디지털화를 위해 체질을 개선하고 있다. 2020년에 이마트 점포 9곳에 600억을 투자해 리뉴얼을 진행했으며 2021년에도 15곳 이상의 점포들을 고객 관점 공간 재구성해 오프라인 경쟁력을 강화하고 있다. 또한 국내뿐만 아니라 베트남과 몽골에 점포를 운영하는 등 글로벌 사업도 활발히 전개하고 있다.",https://www.catch.co.kr/Comp/CompSummary/H32072,
100,롯데지주,"28,050", 600,-2.09%,200,"198,415","104,909","29,427",9.23,16.8,4.61,"1967년에 설립된 롯데지주는 롯데그룹의 순수지주회사이다. 롯데지주 주요 수입원은 자회사 등으로부터 받는 배당 수익과 상표권 사용수익으로 각각 영업이익의 75%, 10% 이상을 차지한다. 이에 롯데지주는 출범 후 5년간 주요 계열사 지분을 매입하며 그룹 지배구조 안정화를 꾀하고 수익 기반을 확대해왔다.

2021년에는 지속가능 경영 및 ESG경영 강화를 위해 이사회 내 ESG위원회를 신설하였으며 향후 ESG 중장기 전략과 ESG 관련 중점 활동계획 등 각종 현안에 대한 최고 의사 결정기구로서 역할을 수행할 예정이다.

또한 미래 먹거리' 확보를 위해 다양한 신사업 추진에도 시동을 걸고 있다. 최근 ESG경영혁신실 산하에 바이오팀과 헬스케어팀의 신설을 통해 디지털 헬스케어와 시니어 시장의 사업 기회를 발굴하고 관련 스타트업과 협업 및 투자를 할 계획이다. 더 나아가 스마트 모빌리티나 전기차 배터리 사업 등도 롯데지주의 신사업 후보군으로 올라 있다.",https://www.catch.co.kr/Comp/CompSummary/310204,